,Country,Date,Atleast1dose,FullVaccination,DosePer,FullVaccPer
1,Austria,27-Dec-20,731,0,0.00%,0.00%
2,Austria,28-Dec-20,"2,025",0,0.00%,0.00%
3,Austria,30-Dec-20,"4,991",0,0.10%,0.00%
4,Austria,31-Dec-20,"4,999",0,0.10%,0.00%
5,Austria,02-Jan-21,"5,008",0,0.10%,0.00%
6,Austria,04-Jan-21,"5,124",0,0.10%,0.00%
7,Austria,05-Jan-21,"6,914",0,0.10%,0.00%
8,Austria,07-Jan-21,"10,920",0,0.10%,0.00%
9,Austria,09-Jan-21,"28,249",0,0.30%,0.00%
10,Austria,10-Jan-21,"30,460",0,0.30%,0.00%
11,Austria,12-Jan-21,"50,543",0,0.60%,0.00%
12,Austria,13-Jan-21,"65,720",0,0.70%,0.00%
13,Austria,15-Jan-21,"1,00,146",3,1.10%,0.00%
14,Austria,17-Jan-21,"1,12,207",372,1.30%,0.00%
15,Austria,18-Jan-21,"1,22,684","1,261",1.40%,0.00%
16,Austria,20-Jan-21,"1,69,128","3,993",1.90%,0.00%
17,Austria,22-Jan-21,"1,99,630","4,739",2.30%,0.10%
18,Austria,23-Jan-21,"2,02,743","4,741",2.30%,0.10%
19,Austria,25-Jan-21,"2,05,359","4,850",2.30%,0.10%
20,Austria,26-Jan-21,"2,12,935","5,739",2.40%,0.10%
21,Austria,28-Jan-21,"2,27,578","8,883",2.60%,0.10%
22,Austria,30-Jan-21,"2,34,214","20,828",2.60%,0.20%
23,Austria,31-Jan-21,"2,34,568","21,825",2.60%,0.20%
24,Austria,02-Feb-21,"2,39,254","38,795",2.70%,0.40%
25,Austria,04-Feb-21,"2,45,409","70,362",2.80%,0.80%
26,Austria,05-Feb-21,"2,49,473","87,092",2.80%,1.00%
27,Austria,07-Feb-21,"2,52,815","97,691",2.90%,1.10%
28,Austria,08-Feb-21,"2,54,846","1,05,236",2.90%,1.20%
29,Austria,10-Feb-21,"2,61,189","1,39,543",2.90%,1.60%
30,Austria,12-Feb-21,"2,74,675","1,76,593",3.10%,2.00%
31,Austria,13-Feb-21,"2,79,909","1,81,659",3.20%,2.10%
32,Austria,15-Feb-21,"2,84,258","1,86,402",3.20%,2.10%
33,Austria,17-Feb-21,"3,00,893","2,03,393",3.40%,2.30%
34,Austria,18-Feb-21,"3,12,450","2,11,320",3.50%,2.40%
35,Austria,20-Feb-21,"3,36,489","2,21,407",3.80%,2.50%
36,Austria,21-Feb-21,"3,41,997","2,21,788",3.90%,2.50%
37,Austria,23-Feb-21,"3,57,245","2,28,019",4.00%,2.60%
38,Austria,25-Feb-21,"3,89,586","2,34,963",4.40%,2.70%
39,Austria,26-Feb-21,"4,13,301","2,39,635",4.70%,2.70%
40,Austria,28-Feb-21,"4,45,638","2,42,024",5.00%,2.70%
41,Austria,02-Mar-21,"4,76,003","2,45,174",5.40%,2.80%
42,Austria,03-Mar-21,"5,01,199","2,47,503",5.70%,2.80%
43,Austria,05-Mar-21,"5,58,237","2,53,145",6.30%,2.90%
44,Austria,06-Mar-21,"5,83,580","2,55,617",6.60%,2.90%
45,Austria,08-Mar-21,"6,04,790","2,57,620",6.80%,2.90%
46,Austria,10-Mar-21,"6,53,457","2,65,541",7.40%,3.00%
47,Austria,11-Mar-21,"6,92,387","2,70,924",7.80%,3.10%
48,Austria,13-Mar-21,"7,89,670","2,81,927",8.90%,3.20%
49,Austria,15-Mar-21,"8,33,242","2,88,313",9.40%,3.30%
50,Austria,16-Mar-21,"8,54,954","2,94,532",9.70%,3.30%
51,Austria,18-Mar-21,"9,06,664","3,10,366",10.20%,3.50%
52,Austria,19-Mar-21,"9,50,548","3,18,670",10.70%,3.60%
53,Austria,21-Mar-21,"9,98,992","3,31,899",11.30%,3.70%
54,Austria,23-Mar-21,"10,30,436","3,50,185",11.60%,4.00%
55,Austria,24-Mar-21,"10,51,336","3,67,516",11.90%,4.10%
56,Austria,26-Mar-21,"11,11,334","4,01,370",12.50%,4.50%
57,Austria,28-Mar-21,"11,46,605","4,20,403",12.90%,4.70%
58,Austria,29-Mar-21,"11,67,146","4,25,797",13.20%,4.80%
59,Austria,31-Mar-21,"12,17,195","4,49,842",13.70%,5.10%
60,Austria,01-Apr-21,"12,39,332","4,67,862",14.00%,5.30%
61,Austria,03-Apr-21,"12,76,149","4,94,714",14.40%,5.60%
62,Austria,05-Apr-21,"12,92,024","5,01,186",14.60%,5.70%
63,Austria,06-Apr-21,"13,16,536","5,12,800",14.90%,5.80%
64,Austria,08-Apr-21,"13,97,538","5,49,588",15.80%,6.20%
65,Belgium,28-Dec-20,298,0,0.00%,0.00%
66,Belgium,29-Dec-20,299,0,0.00%,0.00%
67,Belgium,31-Dec-20,786,0,0.00%,0.00%
68,Belgium,01-Jan-21,794,0,0.00%,0.00%
69,Belgium,05-Jan-21,"2,446",0,0.00%,0.00%
70,Belgium,06-Jan-21,"6,328",0,0.10%,0.00%
71,Belgium,08-Jan-21,"23,749",0,0.20%,0.00%
72,Belgium,10-Jan-21,"27,354",0,0.20%,0.00%
73,Belgium,11-Jan-21,"32,933",0,0.30%,0.00%
74,Belgium,13-Jan-21,"69,904",0,0.60%,0.00%
75,Belgium,14-Jan-21,"93,056",0,0.80%,0.00%
76,Belgium,16-Jan-21,"1,21,488",0,1.10%,0.00%
77,Belgium,18-Jan-21,"1,35,686",109,1.20%,0.00%
78,Belgium,19-Jan-21,"1,54,736",290,1.40%,0.00%
79,Belgium,21-Jan-21,"2,05,542",713,1.80%,0.00%
80,Belgium,22-Jan-21,"2,34,918",745,2.10%,0.00%
81,Belgium,24-Jan-21,"2,45,034",752,2.10%,0.00%
82,Belgium,25-Jan-21,"2,56,289",752,2.20%,0.00%
83,Belgium,27-Jan-21,"2,80,291","5,804",2.40%,0.10%
84,Belgium,29-Jan-21,"3,07,926","22,074",2.70%,0.20%
85,Belgium,30-Jan-21,"3,09,516","24,948",2.70%,0.20%
86,Belgium,01-Feb-21,"3,14,012","29,031",2.70%,0.30%
87,Belgium,02-Feb-21,"3,24,168","42,729",2.80%,0.40%
88,Belgium,04-Feb-21,"3,44,254","86,904",3.00%,0.80%
89,Belgium,05-Feb-21,"3,52,159","1,09,453",3.10%,1.00%
90,Belgium,07-Feb-21,"3,53,709","1,17,726",3.10%,1.00%
91,Belgium,09-Feb-21,"3,64,109","1,44,885",3.20%,1.30%
92,Belgium,10-Feb-21,"3,70,730","1,63,497",3.20%,1.40%
93,Belgium,12-Feb-21,"3,85,380","2,18,951",3.40%,1.90%
94,Belgium,13-Feb-21,"3,85,983","2,26,926",3.40%,2.00%
95,Belgium,15-Feb-21,"3,88,106","2,40,324",3.40%,2.10%
96,Belgium,17-Feb-21,"3,99,203","2,63,267",3.50%,2.30%
97,Belgium,18-Feb-21,"4,10,127","2,80,037",3.60%,2.40%
98,Belgium,20-Feb-21,"4,32,042","2,94,470",3.80%,2.60%
99,Belgium,21-Feb-21,"4,33,928","2,94,732",3.80%,2.60%
100,Belgium,23-Feb-21,"4,55,795","3,05,158",4.00%,2.70%
101,Belgium,24-Feb-21,"4,70,542","3,13,233",4.10%,2.70%
102,Belgium,26-Feb-21,"5,18,214","3,28,629",4.50%,2.90%
103,Belgium,28-Feb-21,"5,22,465","3,29,599",4.60%,2.90%
104,Belgium,01-Mar-21,"5,33,071","3,32,286",4.70%,2.90%
105,Belgium,03-Mar-21,"5,73,244","3,44,996",5.00%,3.00%
106,Belgium,04-Mar-21,"6,13,613","3,53,265",5.40%,3.10%
107,Belgium,06-Mar-21,"6,58,276","3,60,006",5.70%,3.10%
108,Belgium,07-Mar-21,"6,59,568","3,60,183",5.80%,3.10%
109,Belgium,09-Mar-21,"6,95,702","3,69,130",6.10%,3.20%
110,Belgium,11-Mar-21,"7,64,737","3,87,906",6.70%,3.40%
111,Belgium,12-Mar-21,"7,94,953","4,00,834",6.90%,3.50%
112,Belgium,14-Mar-21,"8,02,263","4,04,150",7.00%,3.50%
113,Belgium,15-Mar-21,"8,27,842","4,08,687",7.20%,3.60%
114,Belgium,17-Mar-21,"9,07,272","4,20,673",7.90%,3.70%
115,Belgium,18-Mar-21,"9,64,290","4,37,143",8.40%,3.80%
116,Belgium,20-Mar-21,"10,31,323","4,56,879",9.00%,4.00%
117,Belgium,22-Mar-21,"10,58,377","4,62,482",9.20%,4.00%
118,Belgium,23-Mar-21,"11,00,226","4,67,980",9.60%,4.10%
119,Belgium,25-Mar-21,"12,04,929","4,97,116",10.50%,4.30%
120,Belgium,26-Mar-21,"12,53,508","5,15,331",10.90%,4.50%
121,Belgium,28-Mar-21,"12,73,003","5,19,966",11.10%,4.50%
122,Belgium,30-Mar-21,"13,17,338","5,30,444",11.50%,4.60%
123,Belgium,31-Mar-21,"13,87,537","5,40,441",12.10%,4.70%
124,Belgium,02-Apr-21,"15,23,298","5,79,279",13.30%,5.10%
125,Belgium,03-Apr-21,"15,40,727","5,80,527",13.40%,5.10%
126,Belgium,05-Apr-21,"15,51,987","5,82,636",13.50%,5.10%
127,Belgium,06-Apr-21,"15,84,967","5,90,224",13.80%,5.20%
128,Belgium,08-Apr-21,"16,77,523","6,05,395",14.60%,5.30%
129,Denmark,27-Dec-20,"6,399",0,0.10%,0.00%
130,Denmark,28-Dec-20,"8,411",0,0.10%,0.00%
131,Denmark,30-Dec-20,"28,585",0,0.50%,0.00%
132,Denmark,31-Dec-20,"34,672",0,0.60%,0.00%
133,Denmark,02-Jan-21,"45,745",0,0.80%,0.00%
134,Denmark,04-Jan-21,"54,045",0,0.90%,0.00%
135,Denmark,05-Jan-21,"67,407",0,1.20%,0.00%
136,Denmark,07-Jan-21,"1,04,210",0,1.80%,0.00%
137,Denmark,09-Jan-21,"1,14,470",0,2.00%,0.00%
138,Denmark,10-Jan-21,"1,15,283",0,2.00%,0.00%
139,Denmark,12-Jan-21,"1,16,404",0,2.00%,0.00%
140,Denmark,13-Jan-21,"1,29,070",0,2.20%,0.00%
141,Denmark,15-Jan-21,"1,61,989",5,2.80%,0.00%
142,Denmark,17-Jan-21,"1,69,077",713,2.90%,0.00%
143,Denmark,18-Jan-21,"1,72,920","2,824",3.00%,0.00%
144,Denmark,20-Jan-21,"1,76,882","6,776",3.00%,0.10%
145,Denmark,22-Jan-21,"1,79,060","14,761",3.10%,0.30%
146,Denmark,23-Jan-21,"1,79,811","21,902",3.10%,0.40%
147,Denmark,25-Jan-21,"1,80,689","30,928",3.10%,0.50%
148,Denmark,26-Jan-21,"1,80,905","32,663",3.10%,0.60%
149,Denmark,28-Jan-21,"1,81,342","45,134",3.10%,0.80%
150,Denmark,30-Jan-21,"1,83,661","76,307",3.20%,1.30%
151,Denmark,31-Jan-21,"1,84,883","88,580",3.20%,1.50%
152,Denmark,02-Feb-21,"1,87,667","99,493",3.20%,1.70%
153,Denmark,04-Feb-21,"1,90,640","1,16,575",3.30%,2.00%
154,Denmark,05-Feb-21,"1,92,229","1,30,009",3.30%,2.20%
155,Denmark,07-Feb-21,"1,95,164","1,40,410",3.40%,2.40%
156,Denmark,08-Feb-21,"1,97,708","1,47,444",3.40%,2.50%
157,Denmark,10-Feb-21,"2,04,547","1,56,261",3.50%,2.70%
158,Denmark,12-Feb-21,"2,22,259","1,66,335",3.80%,2.90%
159,Denmark,13-Feb-21,"2,28,810","1,67,306",3.90%,2.90%
160,Denmark,15-Feb-21,"2,48,894","1,71,068",4.30%,2.90%
161,Denmark,17-Feb-21,"2,72,613","1,72,834",4.70%,3.00%
162,Denmark,18-Feb-21,"2,84,087","1,73,141",4.90%,3.00%
163,Denmark,20-Feb-21,"3,08,511","1,74,683",5.30%,3.00%
164,Denmark,21-Feb-21,"3,19,331","1,75,037",5.50%,3.00%
165,Denmark,23-Feb-21,"3,47,269","1,78,093",6.00%,3.10%
166,Denmark,25-Feb-21,"3,75,458","1,80,703",6.50%,3.10%
167,Denmark,26-Feb-21,"4,11,468","1,81,705",7.10%,3.10%
168,Denmark,28-Feb-21,"4,29,148","1,84,611",7.40%,3.20%
169,Denmark,02-Mar-21,"4,65,650","1,86,966",8.00%,3.20%
170,Denmark,03-Mar-21,"4,78,656","1,87,998",8.20%,3.20%
171,Denmark,05-Mar-21,"5,12,733","1,95,497",8.80%,3.40%
172,Denmark,06-Mar-21,"5,27,370","1,99,509",9.10%,3.40%
173,Denmark,08-Mar-21,"5,49,067","2,10,353",9.50%,3.60%
174,Denmark,10-Mar-21,"5,72,080","2,24,916",9.90%,3.90%
175,Denmark,11-Mar-21,"5,76,677","2,32,985",9.90%,4.00%
176,Denmark,13-Mar-21,"5,84,574","2,49,650",10.10%,4.30%
177,Denmark,15-Mar-21,"5,88,644","2,69,050",10.10%,4.60%
178,Denmark,16-Mar-21,"5,95,459","2,78,576",10.30%,4.80%
179,Denmark,18-Mar-21,"6,20,829","2,95,085",10.70%,5.10%
180,Denmark,19-Mar-21,"6,28,665","3,06,913",10.80%,5.30%
181,Denmark,21-Mar-21,"6,36,527","3,16,484",11.00%,5.50%
182,Denmark,23-Mar-21,"6,46,744","3,31,980",11.10%,5.70%
183,Denmark,24-Mar-21,"6,56,607","3,45,524",11.30%,6.00%
184,Denmark,26-Mar-21,"6,70,510","3,61,940",11.50%,6.20%
185,Denmark,28-Mar-21,"6,91,311","3,67,899",11.90%,6.30%
186,Denmark,29-Mar-21,"7,09,230","3,74,098",12.20%,6.40%
187,Denmark,31-Mar-21,"7,43,981","3,90,097",12.80%,6.70%
188,Denmark,01-Apr-21,"7,48,154","3,97,082",12.90%,6.80%
189,Denmark,03-Apr-21,"7,65,169","4,06,330",13.20%,7.00%
190,Denmark,05-Apr-21,"7,89,173","4,09,414",13.60%,7.10%
191,Denmark,06-Apr-21,"8,05,174","4,15,580",13.90%,7.20%
192,Denmark,08-Apr-21,"8,35,271","4,31,805",14.40%,7.40%
193,Finland,25-Jan-21,"1,06,098","4,553",1.90%,0.10%
194,Finland,26-Jan-21,"1,10,047","6,960",2.00%,0.10%
195,Finland,27-Jan-21,"1,17,555","9,355",2.10%,0.20%
196,Finland,28-Jan-21,"1,27,783","10,540",2.30%,0.20%
197,Finland,29-Jan-21,"1,37,551","14,239",2.50%,0.30%
198,Finland,30-Jan-21,"1,44,520","17,757",2.60%,0.30%
199,Finland,01-Feb-21,"1,45,557","18,203",2.60%,0.30%
200,Finland,02-Feb-21,"1,45,770","18,203",2.60%,0.30%
201,Finland,03-Feb-21,"1,49,951","23,421",2.70%,0.40%
202,Finland,04-Feb-21,"1,59,624","34,293",2.90%,0.60%
203,Finland,06-Feb-21,"1,69,194","48,650",3.10%,0.90%
204,Finland,07-Feb-21,"1,70,335","49,781",3.10%,0.90%
205,Finland,08-Feb-21,"1,70,641","49,995",3.10%,0.90%
206,Finland,09-Feb-21,"1,73,558","53,869",3.10%,1.00%
207,Finland,10-Feb-21,"1,78,005","55,770",3.20%,1.00%
208,Finland,11-Feb-21,"1,87,384","60,152",3.40%,1.10%
209,Finland,12-Feb-21,"1,97,540","63,802",3.60%,1.20%
210,Finland,13-Feb-21,"2,06,283","66,832",3.70%,1.20%
211,Finland,14-Feb-21,"2,09,510","66,959",3.80%,1.20%
212,Finland,15-Feb-21,"2,10,194","66,992",3.80%,1.20%
213,Finland,16-Feb-21,"2,16,463","67,463",3.90%,1.20%
214,Finland,17-Feb-21,"2,29,558","68,631",4.20%,1.20%
215,Finland,19-Feb-21,"2,62,145","71,486",4.80%,1.30%
216,Finland,20-Feb-21,"2,76,280","72,859",5.00%,1.30%
217,Finland,21-Feb-21,"2,87,998","75,940",5.20%,1.40%
218,Finland,24-Feb-21,"3,02,342","75,940",5.50%,1.40%
219,Finland,25-Feb-21,"3,19,559","77,302",5.80%,1.40%
220,Finland,26-Feb-21,"3,47,082","79,724",6.30%,1.40%
221,Finland,27-Feb-21,"3,61,744","80,927",6.60%,1.50%
222,Finland,28-Feb-21,"3,70,874","81,125",6.70%,1.50%
223,Finland,01-Mar-21,"3,84,476","82,062",7.00%,1.50%
224,Finland,03-Mar-21,"4,04,436","83,183",7.30%,1.50%
225,Finland,04-Mar-21,"4,25,545","83,642",7.70%,1.50%
226,Finland,05-Mar-21,"4,48,680","84,222",8.10%,1.50%
227,Finland,08-Mar-21,"4,81,577","84,810",8.70%,1.50%
228,Finland,09-Mar-21,"4,90,735","85,014",8.90%,1.50%
229,Finland,10-Mar-21,"5,15,218","85,258",9.30%,1.50%
230,Finland,11-Mar-21,"5,39,618","85,421",9.80%,1.50%
231,Finland,12-Mar-21,"5,65,463","85,826",10.20%,1.60%
232,Finland,13-Mar-21,"5,87,848","86,280",10.70%,1.60%
233,Finland,14-Mar-21,"5,96,638","86,307",10.80%,1.60%
234,Finland,15-Mar-21,"5,97,471","86,311",10.80%,1.60%
235,Finland,16-Mar-21,"6,10,873","86,538",11.10%,1.60%
236,Finland,17-Mar-21,"6,36,349","86,805",11.50%,1.60%
237,Finland,18-Mar-21,"6,71,647","87,133",12.20%,1.60%
238,Finland,19-Mar-21,"7,01,203","87,333",12.70%,1.60%
239,Finland,21-Mar-21,"7,32,121","87,533",13.30%,1.60%
240,Finland,22-Mar-21,"7,33,798","87,536",13.30%,1.60%
241,Finland,23-Mar-21,"7,42,812","87,600",13.50%,1.60%
242,Finland,24-Mar-21,"7,59,827","87,674",13.80%,1.60%
243,Finland,25-Mar-21,"7,83,740","87,803",14.20%,1.60%
244,Finland,26-Mar-21,"8,09,974","88,234",14.70%,1.60%
245,Finland,27-Mar-21,"8,32,602","88,521",15.10%,1.60%
246,Finland,29-Mar-21,"8,43,706","88,547",15.30%,1.60%
247,Finland,30-Mar-21,"8,62,639","88,715",15.60%,1.60%
248,Finland,31-Mar-21,"8,92,580","88,954",16.20%,1.60%
249,Finland,01-Apr-21,"9,30,842","89,364",16.90%,1.60%
250,Finland,02-Apr-21,"9,65,298","89,687",17.50%,1.60%
251,Finland,04-Apr-21,"9,73,876","89,714",17.60%,1.60%
252,Finland,05-Apr-21,"9,74,153","89,717",17.70%,1.60%
253,Finland,06-Apr-21,"9,75,697","89,722",17.70%,1.60%
254,Finland,07-Apr-21,"9,93,227","90,340",18.00%,1.60%
255,Finland,08-Apr-21,"10,28,848","91,805",18.60%,1.70%
256,Finland,09-Apr-21,"10,66,860","93,459",19.30%,1.70%
257,France,01-Jan-21,325,0,0.00%,0.00%
258,France,02-Jan-21,367,0,0.00%,0.00%
259,France,04-Jan-21,"1,800",0,0.00%,0.00%
260,France,05-Jan-21,"6,744",0,0.00%,0.00%
261,France,07-Jan-21,"43,282",0,0.10%,0.00%
262,France,08-Jan-21,"76,022",0,0.10%,0.00%
263,France,10-Jan-21,"91,629",0,0.10%,0.00%
264,France,11-Jan-21,"1,25,412",0,0.20%,0.00%
265,France,13-Jan-21,"2,35,786",0,0.40%,0.00%
266,France,14-Jan-21,"3,06,206",0,0.50%,0.00%
267,France,16-Jan-21,"3,82,326",0,0.60%,0.00%
268,France,17-Jan-21,"3,91,910",0,0.60%,0.00%
269,France,19-Jan-21,"5,85,735",0,0.90%,0.00%
270,France,20-Jan-21,"7,08,973",0,1.10%,0.00%
271,France,22-Jan-21,"9,59,716",0,1.40%,0.00%
272,France,23-Jan-21,"9,95,147",0,1.50%,0.00%
273,France,24-Jan-21,"10,03,968",0,1.50%,0.00%
274,France,26-Jan-21,"11,65,852","5,412",1.70%,0.00%
275,France,27-Jan-21,"12,62,972","11,739",1.90%,0.00%
276,France,29-Jan-21,"14,53,325","41,318",2.20%,0.10%
277,France,30-Jan-21,"14,79,909","45,468",2.20%,0.10%
278,France,01-Feb-21,"15,41,079","67,993",2.30%,0.10%
279,France,02-Feb-21,"16,15,088","1,02,297",2.40%,0.20%
280,France,04-Feb-21,"17,72,602","1,89,524",2.60%,0.30%
281,France,05-Feb-21,"18,43,763","2,33,274",2.70%,0.30%
282,France,07-Feb-21,"18,71,604","2,48,614",2.80%,0.40%
283,France,08-Feb-21,"19,22,706","2,94,120",2.90%,0.40%
284,France,10-Feb-21,"20,60,675","4,42,260",3.10%,0.70%
285,France,11-Feb-21,"21,46,212","5,40,713",3.20%,0.80%
286,France,13-Feb-21,"22,49,685","6,33,771",3.40%,0.90%
287,France,14-Feb-21,"22,55,597","6,40,875",3.40%,1.00%
288,France,16-Feb-21,"23,57,946","8,16,990",3.50%,1.20%
289,France,17-Feb-21,"24,09,831","9,19,370",3.60%,1.40%
290,France,19-Feb-21,"25,40,702","11,27,419",3.80%,1.70%
291,France,20-Feb-21,"25,60,982","11,55,637",3.80%,1.70%
292,France,22-Feb-21,"26,03,702","12,34,673",3.90%,1.80%
293,France,23-Feb-21,"26,56,447","13,18,292",4.00%,2.00%
294,France,25-Feb-21,"28,08,490","14,90,083",4.20%,2.20%
295,France,26-Feb-21,"29,17,925","15,60,575",4.40%,2.30%
296,France,27-Feb-21,"29,67,937","15,82,433",4.40%,2.40%
297,France,01-Mar-21,"30,36,605","16,39,282",4.50%,2.40%
298,France,02-Mar-21,"31,33,478","17,05,966",4.70%,2.50%
299,France,04-Mar-21,"33,92,269","18,39,826",5.10%,2.70%
300,France,05-Mar-21,"35,81,812","19,02,812",5.30%,2.80%
301,France,07-Mar-21,"38,81,967","19,25,812",5.80%,2.90%
302,France,08-Mar-21,"39,96,329","19,76,264",6.00%,2.90%
303,France,10-Mar-21,"43,37,343","20,89,694",6.50%,3.10%
304,France,11-Mar-21,"45,69,849","21,52,380",6.80%,3.20%
305,France,13-Mar-21,"50,72,244","22,20,608",7.60%,3.30%
306,France,14-Mar-21,"51,35,616","22,23,980",7.70%,3.30%
307,France,17-Mar-21,"56,30,671","22,97,100",8.40%,3.40%
308,France,20-Mar-21,"61,46,162","24,27,389",9.20%,3.60%
309,France,22-Mar-21,"63,70,705","24,63,973",9.50%,3.70%
310,France,23-Mar-21,"66,16,899","25,06,023",9.90%,3.70%
311,France,25-Mar-21,"71,98,795","25,93,879",10.70%,3.90%
312,France,26-Mar-21,"75,50,454","26,35,356",11.30%,3.90%
313,France,28-Mar-21,"77,98,091","26,55,443",11.60%,4.00%
314,France,29-Mar-21,"80,04,958","27,09,292",11.90%,4.00%
315,France,01-Apr-21,"88,33,275","29,38,186",13.20%,4.40%
316,France,02-Apr-21,"91,09,776","30,29,747",13.60%,4.50%
317,France,04-Apr-21,"92,96,131","31,09,768",13.90%,4.60%
318,France,05-Apr-21,"93,56,301","31,20,634",14.00%,4.70%
319,France,07-Apr-21,"98,18,102","33,42,650",14.60%,5.00%
320,France,08-Apr-21,"1,01,48,039","34,88,124",15.10%,5.20%
321,Germany,01-Jan-21,"2,20,453",847,0.30%,0.00%
322,Germany,03-Jan-21,"2,97,185","1,063",0.40%,0.00%
323,Germany,04-Jan-21,"3,45,535","1,063",0.40%,0.00%
324,Germany,06-Jan-21,"4,61,859","1,087",0.60%,0.00%
325,Germany,07-Jan-21,"5,18,056","1,091",0.60%,0.00%
326,Germany,09-Jan-21,"6,42,096","1,440",0.80%,0.00%
327,Germany,10-Jan-21,"6,77,228","1,447",0.80%,0.00%
328,Germany,12-Jan-21,"8,26,399","1,548",1.00%,0.00%
329,Germany,13-Jan-21,"9,37,398","1,726",1.10%,0.00%
330,Germany,15-Jan-21,"11,09,593","2,675",1.30%,0.00%
331,Germany,16-Jan-21,"11,65,804","3,645",1.40%,0.00%
332,Germany,18-Jan-21,"12,62,355","35,938",1.50%,0.00%
333,Germany,19-Jan-21,"13,42,516","68,151",1.60%,0.10%
334,Germany,21-Jan-21,"14,86,579","1,58,778",1.80%,0.20%
335,Germany,23-Jan-21,"15,94,560","2,37,836",1.90%,0.30%
336,Germany,24-Jan-21,"16,19,977","2,61,571",2.00%,0.30%
337,Germany,26-Jan-21,"17,29,052","3,47,394",2.10%,0.40%
338,Germany,27-Jan-21,"17,80,630","4,06,721",2.10%,0.50%
339,Germany,29-Jan-21,"18,76,897","5,09,795",2.30%,0.60%
340,Germany,30-Jan-21,"19,12,185","5,60,848",2.30%,0.70%
341,Germany,01-Feb-21,"19,97,664","6,53,290",2.40%,0.80%
342,Germany,02-Feb-21,"20,60,697","7,19,887",2.50%,0.90%
343,Germany,04-Feb-21,"21,84,928","8,83,800",2.60%,1.10%
344,Germany,05-Feb-21,"22,50,846","9,59,983",2.70%,1.20%
345,Germany,07-Feb-21,"23,25,236","10,37,960",2.80%,1.30%
346,Germany,08-Feb-21,"23,78,517","10,94,132",2.90%,1.30%
347,Germany,10-Feb-21,"25,11,116","12,41,871",3.00%,1.50%
348,Germany,12-Feb-21,"26,64,261","13,85,582",3.20%,1.70%
349,Germany,13-Feb-21,"27,25,805","14,31,541",3.30%,1.70%
350,Germany,15-Feb-21,"28,35,985","15,12,284",3.40%,1.80%
351,Germany,16-Feb-21,"29,17,370","15,65,223",3.50%,1.90%
352,Germany,18-Feb-21,"31,03,403","16,72,265",3.70%,2.00%
353,Germany,19-Feb-21,"32,02,216","17,25,758",3.90%,2.10%
354,Germany,21-Feb-21,"33,35,467","17,92,313",4.00%,2.20%
355,Germany,22-Feb-21,"34,34,929","18,53,100",4.10%,2.20%
356,Germany,24-Feb-21,"36,56,514","19,71,509",4.40%,2.40%
357,Germany,25-Feb-21,"37,86,182","20,29,494",4.60%,2.40%
358,Germany,27-Feb-21,"40,37,609","21,32,921",4.90%,2.60%
359,Germany,01-Mar-21,"42,66,386","22,06,474",5.10%,2.70%
360,Germany,02-Mar-21,"44,31,025","22,60,083",5.30%,2.70%
361,Germany,04-Mar-21,"47,82,734","23,90,146",5.80%,2.90%
362,Germany,05-Mar-21,"49,80,657","24,56,242",6.00%,3.00%
363,Germany,07-Mar-21,"52,47,999","25,39,853",6.30%,3.10%
364,Germany,08-Mar-21,"54,33,214","25,92,157",6.50%,3.10%
365,Germany,10-Mar-21,"58,44,980","27,12,057",7.00%,3.30%
366,Germany,11-Mar-21,"60,63,973","27,72,971",7.30%,3.30%
367,Germany,13-Mar-21,"65,08,572","28,93,750",7.80%,3.50%
368,Germany,14-Mar-21,"66,43,371","29,29,783",8.00%,3.50%
369,Germany,16-Mar-21,"69,44,574","30,55,597",8.40%,3.70%
370,Germany,17-Mar-21,"70,69,313","31,34,497",8.50%,3.80%
371,Germany,19-Mar-21,"73,46,747","32,91,384",8.80%,4.00%
372,Germany,21-Mar-21,"76,37,795","33,83,929",9.20%,4.10%
373,Germany,22-Mar-21,"78,25,572","34,60,864",9.40%,4.20%
374,Germany,24-Mar-21,"82,83,894","36,31,966",10.00%,4.40%
375,Germany,25-Mar-21,"85,37,189","37,11,374",10.30%,4.50%
376,Germany,27-Mar-21,"90,34,954","38,63,152",10.90%,4.70%
377,Germany,28-Mar-21,"91,76,614","39,15,702",11.10%,4.70%
378,Germany,30-Mar-21,"96,25,464","40,96,679",11.60%,4.90%
379,Germany,31-Mar-21,"98,58,932","41,98,455",11.90%,5.10%
380,Germany,02-Apr-21,"1,02,40,721","43,61,197",12.30%,5.30%
381,Germany,03-Apr-21,"1,04,03,498","44,27,154",12.50%,5.30%
382,Germany,05-Apr-21,"1,07,20,617","45,53,849",12.90%,5.50%
383,Germany,06-Apr-21,"1,09,95,496","46,51,476",13.20%,5.60%
384,Germany,08-Apr-21,"1,22,04,176","48,31,522",14.70%,5.80%
385,Ireland,27-Jan-21,"1,47,700","13,800",3.00%,0.30%
386,Ireland,31-Jan-21,"1,50,500","49,300",3.10%,1.00%
387,Ireland,05-Feb-21,"1,51,212","79,554",3.10%,1.60%
388,Ireland,07-Feb-21,"1,53,654","86,833",3.10%,1.80%
389,Ireland,08-Feb-21,"1,54,900","88,453",3.20%,1.80%
390,Ireland,08-Feb-21,"1,54,900","88,453",3.20%,1.80%
391,Ireland,09-Feb-21,"1,58,904","89,380",3.20%,1.80%
392,Ireland,10-Feb-21,"1,66,863","89,818",3.40%,1.80%
393,Ireland,11-Feb-21,"1,71,239","89,834",3.50%,1.80%
394,Ireland,12-Feb-21,"1,75,238","89,999",3.60%,1.80%
395,Ireland,13-Feb-21,"1,76,926","91,625",3.60%,1.90%
396,Ireland,14-Feb-21,"1,80,192","91,750",3.70%,1.90%
397,Ireland,15-Feb-21,"1,82,193","98,388",3.70%,2.00%
398,Ireland,16-Feb-21,"1,87,893","1,05,859",3.80%,2.20%
399,Ireland,17-Feb-21,"1,97,609","1,13,291",4.00%,2.30%
400,Ireland,18-Feb-21,"2,05,955","1,20,520",4.20%,2.50%
401,Ireland,19-Feb-21,"2,14,384","1,26,320",4.40%,2.60%
402,Ireland,20-Feb-21,"2,19,899","1,30,423",4.50%,2.70%
403,Ireland,21-Feb-21,"2,22,073","1,31,898",4.50%,2.70%
404,Ireland,22-Feb-21,"2,26,291","1,33,325",4.60%,2.70%
405,Ireland,23-Feb-21,"2,38,841","1,34,439",4.90%,2.70%
406,Ireland,24-Feb-21,"2,54,948","1,36,407",5.20%,2.80%
407,Ireland,24-Feb-21,"2,54,948","1,36,407",5.20%,2.80%
408,Ireland,25-Feb-21,"2,71,594","1,37,935",5.50%,2.80%
409,Ireland,26-Feb-21,"2,85,780","1,40,290",5.80%,2.90%
410,Ireland,27-Feb-21,"2,94,550","1,41,345",6.00%,2.90%
411,Ireland,28-Feb-21,"2,97,899","1,41,883",6.10%,2.90%
412,Ireland,01-Mar-21,"3,03,550","1,42,924",6.20%,2.90%
413,Ireland,02-Mar-21,"3,16,056","1,44,581",6.40%,2.90%
414,Ireland,04-Mar-21,"3,46,256","1,47,617",7.10%,3.00%
415,Ireland,05-Mar-21,"3,63,601","1,49,721",7.40%,3.10%
416,Ireland,06-Mar-21,"3,73,149","1,49,920",7.60%,3.10%
417,Ireland,07-Mar-21,"3,75,521","1,50,247",7.70%,3.10%
418,Ireland,08-Mar-21,"3,82,528","1,54,089",7.80%,3.10%
419,Ireland,09-Mar-21,"3,96,089","1,57,072",8.10%,3.20%
420,Ireland,10-Mar-21,"4,09,662","1,60,729",8.40%,3.30%
421,Ireland,11-Mar-21,"4,26,819","1,62,693",8.70%,3.30%
422,Ireland,12-Mar-21,"4,43,092","1,63,812",9.00%,3.30%
423,Ireland,12-Mar-21,"4,43,092","1,63,812",9.00%,3.30%
424,Ireland,13-Mar-21,"4,51,589","1,64,345",9.20%,3.40%
425,Ireland,14-Mar-21,"4,52,554","1,64,496",9.20%,3.40%
426,Ireland,15-Mar-21,"4,55,182","1,65,398",9.30%,3.40%
427,Ireland,16-Mar-21,"4,63,500","1,68,859",9.50%,3.40%
428,Ireland,17-Mar-21,"4,68,328","1,71,258",9.50%,3.50%
429,Ireland,18-Mar-21,"4,78,725","1,75,526",9.80%,3.60%
430,Ireland,19-Mar-21,"4,87,466","1,81,063",9.90%,3.70%
431,Ireland,20-Mar-21,"4,92,106","1,83,840",10.00%,3.70%
432,Ireland,21-Mar-21,"4,95,824","1,84,191",10.10%,3.80%
433,Ireland,22-Mar-21,"5,03,796","1,86,653",10.30%,3.80%
434,Ireland,23-Mar-21,"5,15,800","1,93,548",10.50%,3.90%
435,Ireland,24-Mar-21,"5,29,984","2,02,694",10.80%,4.10%
436,Ireland,25-Mar-21,"5,48,945","2,11,223",11.20%,4.30%
437,Ireland,26-Mar-21,"5,67,023","2,19,546",11.60%,4.50%
438,Ireland,27-Mar-21,"5,77,641","2,24,861",11.80%,4.60%
439,Ireland,28-Mar-21,"5,80,857","2,25,684",11.80%,4.60%
440,Ireland,28-Mar-21,"5,80,857","2,25,684",11.80%,4.60%
441,Ireland,29-Mar-21,"5,90,688","2,28,988",12.00%,4.70%
442,Ireland,30-Mar-21,"6,03,802","2,36,759",12.30%,4.80%
443,Ireland,31-Mar-21,"6,19,003","2,46,457",12.60%,5.00%
444,Ireland,01-Apr-21,"6,36,963","2,56,412",13.00%,5.20%
445,Ireland,02-Apr-21,"6,55,292","2,68,586",13.40%,5.50%
446,Ireland,03-Apr-21,"6,60,800","2,71,524",13.50%,5.50%
447,Ireland,05-Apr-21,"6,67,182","2,73,701",13.60%,5.60%
448,Ireland,06-Apr-21,"6,79,844","2,82,043",13.90%,5.80%
449,Bulgaria,29-Dec-20,"1,719",0,0.00%,0.00%
450,Bulgaria,30-Dec-20,"4,608",0,0.10%,0.00%
451,Bulgaria,05-Jan-21,"5,448",0,0.10%,0.00%
452,Bulgaria,06-Jan-21,"7,913",0,0.10%,0.00%
453,Bulgaria,08-Jan-21,"13,355",0,0.20%,0.00%
454,Bulgaria,09-Jan-21,"13,473",0,0.20%,0.00%
455,Bulgaria,12-Jan-21,"15,780",0,0.20%,0.00%
456,Bulgaria,13-Jan-21,"17,038",0,0.20%,0.00%
457,Bulgaria,15-Jan-21,"18,126",0,0.30%,0.00%
458,Bulgaria,16-Jan-21,"18,332",0,0.30%,0.00%
459,Bulgaria,18-Jan-21,"18,524","1,114",0.30%,0.00%
460,Bulgaria,19-Jan-21,"19,058","3,168",0.30%,0.00%
461,Bulgaria,21-Jan-21,"20,719","4,532",0.30%,0.10%
462,Bulgaria,23-Jan-21,"21,509","4,610",0.30%,0.10%
463,Bulgaria,24-Jan-21,"21,533","4,610",0.30%,0.10%
464,Bulgaria,26-Jan-21,"23,667","5,455",0.30%,0.10%
465,Bulgaria,27-Jan-21,"25,245","7,672",0.40%,0.10%
466,Bulgaria,29-Jan-21,"27,856","12,949",0.40%,0.20%
467,Bulgaria,30-Jan-21,"27,957","13,063",0.40%,0.20%
468,Bulgaria,01-Feb-21,"28,978","13,656",0.40%,0.20%
469,Bulgaria,02-Feb-21,"30,817","15,100",0.40%,0.20%
470,Bulgaria,04-Feb-21,"36,929","17,096",0.50%,0.20%
471,Bulgaria,05-Feb-21,"39,468","17,392",0.60%,0.20%
472,Bulgaria,07-Feb-21,"39,646","17,392",0.60%,0.20%
473,Bulgaria,08-Feb-21,"41,407","17,481",0.60%,0.20%
474,Bulgaria,10-Feb-21,"47,551","18,612",0.70%,0.30%
475,Bulgaria,11-Feb-21,"51,435","19,688",0.70%,0.30%
476,Bulgaria,13-Feb-21,"54,646","20,674",0.80%,0.30%
477,Bulgaria,14-Feb-21,"54,690","20,698",0.80%,0.30%
478,Bulgaria,16-Feb-21,"58,562","22,776",0.80%,0.30%
479,Bulgaria,18-Feb-21,"65,073","25,441",0.90%,0.40%
480,Bulgaria,19-Feb-21,"77,518","26,750",1.10%,0.40%
481,Bulgaria,21-Feb-21,"92,381","26,973",1.30%,0.40%
482,Bulgaria,22-Feb-21,"1,03,111","27,952",1.50%,0.40%
483,Bulgaria,24-Feb-21,"1,36,454","32,008",1.90%,0.50%
484,Bulgaria,25-Feb-21,"1,53,793","34,719",2.20%,0.50%
485,Bulgaria,27-Feb-21,"1,72,393","37,367",2.50%,0.50%
486,Bulgaria,28-Feb-21,"1,75,066","37,379",2.50%,0.50%
487,Bulgaria,02-Mar-21,"2,02,247","41,525",2.90%,0.60%
488,Bulgaria,03-Mar-21,"2,06,296","41,873",2.90%,0.60%
489,Bulgaria,05-Mar-21,"2,34,526","49,938",3.40%,0.70%
490,Bulgaria,06-Mar-21,"2,37,067","50,051",3.40%,0.70%
491,Bulgaria,08-Mar-21,"2,43,479","50,653",3.50%,0.70%
492,Bulgaria,09-Mar-21,"2,50,507","51,644",3.60%,0.70%
493,Bulgaria,11-Mar-21,"2,70,587","53,859",3.90%,0.80%
494,Bulgaria,12-Mar-21,"2,79,324","57,336",4.00%,0.80%
495,Bulgaria,14-Mar-21,"2,80,462","58,417",4.00%,0.80%
496,Bulgaria,16-Mar-21,"2,84,266","61,728",4.10%,0.90%
497,Bulgaria,17-Mar-21,"2,86,950","63,752",4.10%,0.90%
498,Bulgaria,19-Mar-21,"2,93,176","69,545",4.20%,1.00%
499,Bulgaria,20-Mar-21,"2,95,794","70,753",4.20%,1.00%
500,Bulgaria,22-Mar-21,"3,02,517","73,853",4.30%,1.10%
501,Bulgaria,23-Mar-21,"3,10,415","78,390",4.40%,1.10%
502,Bulgaria,25-Mar-21,"3,32,467","83,134",4.70%,1.20%
503,Bulgaria,26-Mar-21,"3,43,120","87,108",4.90%,1.20%
504,Bulgaria,28-Mar-21,"3,48,327","88,214",5.00%,1.30%
505,Bulgaria,29-Mar-21,"3,55,220","90,327",5.10%,1.30%
506,Bulgaria,31-Mar-21,"3,77,440","95,003",5.40%,1.40%
507,Bulgaria,01-Apr-21,"3,88,595","97,407",5.60%,1.40%
508,Bulgaria,03-Apr-21,"4,01,514","1,00,564",5.70%,1.40%
509,Bulgaria,04-Apr-21,"4,02,693","1,00,877",5.80%,1.40%
510,Bulgaria,06-Apr-21,"4,14,790","1,04,845",5.90%,1.50%
511,Bulgaria,07-Apr-21,"4,25,706","1,07,747",6.10%,1.50%
512,Bulgaria,09-Apr-21,"4,54,711","1,12,685",6.50%,1.60%
513,Italy,01-Jan-21,"50,833",0,0.10%,0.00%
514,Italy,03-Jan-21,"1,24,472",0,0.20%,0.00%
515,Italy,04-Jan-21,"1,93,105",0,0.30%,0.00%
516,Italy,06-Jan-21,"3,37,816",0,0.60%,0.00%
517,Italy,07-Jan-21,"4,29,976",0,0.70%,0.00%
518,Italy,09-Jan-21,"6,12,342",0,1.00%,0.00%
519,Italy,10-Jan-21,"6,72,668",0,1.10%,0.00%
520,Italy,12-Jan-21,"8,35,396",0,1.40%,0.00%
521,Italy,13-Jan-21,"9,29,712",0,1.50%,0.00%
522,Italy,15-Jan-21,"11,12,177",0,1.80%,0.00%
523,Italy,17-Jan-21,"12,10,648","2,905",2.00%,0.00%
524,Italy,18-Jan-21,"12,49,056","7,833",2.10%,0.00%
525,Italy,20-Jan-21,"13,05,471","14,042",2.20%,0.00%
526,Italy,21-Jan-21,"13,21,049","33,618",2.20%,0.10%
527,Italy,23-Jan-21,"13,38,879","80,297",2.20%,0.10%
528,Italy,24-Jan-21,"13,41,909","1,10,909",2.20%,0.20%
529,Italy,26-Jan-21,"13,50,451","2,50,840",2.20%,0.40%
530,Italy,27-Jan-21,"13,56,333","3,15,450",2.20%,0.50%
531,Italy,29-Jan-21,"13,65,391","4,96,930",2.30%,0.80%
532,Italy,31-Jan-21,"13,71,849","6,39,728",2.30%,1.10%
533,Italy,01-Feb-21,"13,76,181","7,20,749",2.30%,1.20%
534,Italy,03-Feb-21,"13,91,681","8,92,141",2.30%,1.50%
535,Italy,04-Feb-21,"14,04,960","9,85,593",2.30%,1.60%
536,Italy,06-Feb-21,"14,37,380","11,36,214",2.40%,1.90%
537,Italy,07-Feb-21,"14,46,539","11,68,513",2.40%,1.90%
538,Italy,09-Feb-21,"15,07,896","12,39,466",2.50%,2.10%
539,Italy,10-Feb-21,"15,52,818","12,66,681",2.60%,2.10%
540,Italy,12-Feb-21,"16,66,483","13,00,348",2.80%,2.20%
541,Italy,14-Feb-21,"17,39,290","13,09,018",2.90%,2.20%
542,Italy,15-Feb-21,"17,96,057","13,14,615",3.00%,2.20%
543,Italy,17-Feb-21,"19,31,474","13,29,379",3.20%,2.20%
544,Italy,18-Feb-21,"20,13,055","13,36,906",3.30%,2.20%
545,Italy,20-Feb-21,"21,72,418","13,46,947",3.60%,2.20%
546,Italy,21-Feb-21,"22,21,100","13,48,982",3.70%,2.20%
547,Italy,23-Feb-21,"24,22,045","13,59,335",4.00%,2.30%
548,Italy,24-Feb-21,"25,35,913","13,67,230",4.20%,2.30%
549,Italy,26-Feb-21,"27,73,036","13,93,721",4.60%,2.30%
550,Italy,28-Feb-21,"29,57,246","14,13,589",4.90%,2.30%
551,Italy,01-Mar-21,"30,67,503","14,37,916",5.10%,2.40%
552,Italy,03-Mar-21,"33,39,990","15,10,053",5.50%,2.50%
553,Italy,04-Mar-21,"34,87,967","15,57,019",5.80%,2.60%
554,Italy,06-Mar-21,"37,75,375","16,47,750",6.30%,2.70%
555,Italy,07-Mar-21,"38,55,985","16,67,769",6.40%,2.80%
556,Italy,09-Mar-21,"41,27,609","17,64,351",6.80%,2.90%
557,Italy,10-Mar-21,"42,83,810","18,18,996",7.10%,3.00%
558,Italy,12-Mar-21,"45,90,266","19,38,571",7.60%,3.20%
559,Italy,14-Mar-21,"47,89,284","20,19,864",7.90%,3.30%
560,Italy,15-Mar-21,"48,89,585","20,89,668",8.10%,3.50%
561,Italy,17-Mar-21,"50,41,623","22,41,455",8.40%,3.70%
562,Italy,18-Mar-21,"51,25,030","23,20,271",8.50%,3.80%
563,Italy,20-Mar-21,"53,32,388","24,59,825",8.80%,4.10%
564,Italy,21-Mar-21,"54,16,165","25,05,003",9.00%,4.20%
565,Italy,23-Mar-21,"56,91,219","26,40,005",9.40%,4.40%
566,Italy,24-Mar-21,"58,56,374","27,24,327",9.70%,4.50%
567,Italy,26-Mar-21,"62,21,522","28,82,883",10.30%,4.80%
568,Italy,28-Mar-21,"65,12,840","29,88,843",10.80%,5.00%
569,Italy,29-Mar-21,"66,84,425","30,54,408",11.10%,5.10%
570,Italy,31-Mar-21,"70,78,152","32,18,471",11.70%,5.30%
571,Italy,01-Apr-21,"72,67,376","33,06,679",12.00%,5.50%
572,Italy,03-Apr-21,"76,28,602","34,42,997",12.60%,5.70%
573,Italy,04-Apr-21,"77,03,994","34,63,166",12.80%,5.70%
574,Italy,06-Apr-21,"80,37,991","35,74,079",13.30%,5.90%
575,Italy,07-Apr-21,"82,61,164","36,56,921",13.70%,6.10%
576,Italy,09-Apr-21,"86,97,556","38,12,342",14.40%,6.30%
577,Latvia,28-Dec-20,596,0,0.00%,0.00%
578,Latvia,29-Dec-20,"1,469",0,0.10%,0.00%
579,Latvia,04-Jan-21,"2,959",0,0.20%,0.00%
580,Latvia,05-Jan-21,"3,848",0,0.20%,0.00%
581,Latvia,07-Jan-21,"5,433",0,0.30%,0.00%
582,Latvia,08-Jan-21,"6,339",0,0.30%,0.00%
583,Latvia,10-Jan-21,"6,980",0,0.40%,0.00%
584,Latvia,11-Jan-21,"8,347",0,0.40%,0.00%
585,Latvia,13-Jan-21,"11,485",0,0.60%,0.00%
586,Latvia,15-Jan-21,"15,181",0,0.80%,0.00%
587,Latvia,16-Jan-21,"15,848",0,0.80%,0.00%
588,Latvia,18-Jan-21,"16,238",572,0.80%,0.00%
589,Latvia,19-Jan-21,"16,310","1,376",0.80%,0.10%
590,Latvia,21-Jan-21,"16,595","2,140",0.90%,0.10%
591,Latvia,22-Jan-21,"16,793","2,157",0.90%,0.10%
592,Latvia,25-Jan-21,"16,938","2,805",0.90%,0.10%
593,Latvia,26-Jan-21,"16,968","3,623",0.90%,0.20%
594,Latvia,28-Jan-21,"17,078","5,110",0.90%,0.30%
595,Latvia,29-Jan-21,"17,130","6,020",0.90%,0.30%
596,Latvia,31-Jan-21,"17,134","6,658",0.90%,0.30%
597,Latvia,02-Feb-21,"17,283","9,505",0.90%,0.50%
598,Latvia,03-Feb-21,"17,526","10,884",0.90%,0.60%
599,Latvia,05-Feb-21,"17,827","13,753",0.90%,0.70%
600,Latvia,06-Feb-21,"17,836","14,310",0.90%,0.70%
601,Latvia,08-Feb-21,"18,094","14,588",0.90%,0.80%
602,Latvia,09-Feb-21,"18,235","14,631",0.90%,0.80%
603,Latvia,11-Feb-21,"19,767","15,508",1.00%,0.80%
604,Latvia,12-Feb-21,"20,943","16,061",1.10%,0.80%
605,Latvia,14-Feb-21,"21,168","16,258",1.10%,0.80%
606,Latvia,15-Feb-21,"21,888","16,412",1.10%,0.90%
607,Latvia,17-Feb-21,"25,007","16,667",1.30%,0.90%
608,Latvia,19-Feb-21,"27,796","16,777",1.40%,0.90%
609,Latvia,20-Feb-21,"28,549","16,795",1.50%,0.90%
610,Latvia,22-Feb-21,"31,112","16,826",1.60%,0.90%
611,Latvia,23-Feb-21,"33,463","16,855",1.70%,0.90%
612,Latvia,25-Feb-21,"41,874","16,928",2.20%,0.90%
613,Latvia,26-Feb-21,"45,150","17,016",2.40%,0.90%
614,Latvia,28-Feb-21,"45,858","17,026",2.40%,0.90%
615,Latvia,01-Mar-21,"47,384","17,254",2.50%,0.90%
616,Latvia,03-Mar-21,"53,168","17,743",2.80%,0.90%
617,Latvia,04-Mar-21,"59,018","17,860",3.10%,0.90%
618,Latvia,06-Mar-21,"64,453","17,999",3.40%,0.90%
619,Latvia,08-Mar-21,"66,180","18,039",3.40%,0.90%
620,Latvia,09-Mar-21,"68,498","18,064",3.60%,0.90%
621,Latvia,11-Mar-21,"73,548","18,104",3.80%,0.90%
622,Latvia,12-Mar-21,"78,469","18,111",4.10%,0.90%
623,Latvia,14-Mar-21,"79,442","18,112",4.10%,0.90%
624,Latvia,15-Mar-21,"83,099","18,175",4.30%,0.90%
625,Latvia,17-Mar-21,"83,216","18,402",4.30%,1.00%
626,Latvia,18-Mar-21,"83,230","18,661",4.30%,1.00%
627,Latvia,20-Mar-21,"84,044","18,947",4.40%,1.00%
628,Latvia,21-Mar-21,"84,068","18,947",4.40%,1.00%
629,Latvia,23-Mar-21,"91,489","19,560",4.80%,1.00%
630,Latvia,25-Mar-21,"1,01,534","20,916",5.30%,1.10%
631,Latvia,26-Mar-21,"1,04,792","21,611",5.50%,1.10%
632,Latvia,28-Mar-21,"1,05,058","21,936",5.50%,1.10%
633,Latvia,29-Mar-21,"1,06,732","22,330",5.60%,1.20%
634,Latvia,31-Mar-21,"1,15,485","24,245",6.00%,1.30%
635,Latvia,01-Apr-21,"1,18,865","24,956",6.20%,1.30%
636,Latvia,03-Apr-21,"1,22,612","25,019",6.40%,1.30%
637,Latvia,04-Apr-21,"1,24,236","25,019",6.50%,1.30%
638,Latvia,06-Apr-21,"1,30,800","25,385",6.80%,1.30%
639,Latvia,07-Apr-21,"1,38,893","25,813",7.20%,1.30%
640,Latvia,09-Apr-21,"1,49,157","26,243",7.80%,1.40%
641,Lithuania,27-Dec-20,"2,420",0,0.10%,0.00%
642,Lithuania,28-Dec-20,"5,207",0,0.20%,0.00%
643,Lithuania,30-Dec-20,"9,726",0,0.30%,0.00%
644,Lithuania,31-Dec-20,"9,751",0,0.30%,0.00%
645,Lithuania,05-Jan-21,"10,375",0,0.40%,0.00%
646,Lithuania,06-Jan-21,"13,875",0,0.50%,0.00%
647,Lithuania,08-Jan-21,"23,203",0,0.80%,0.00%
648,Lithuania,09-Jan-21,"23,507",0,0.80%,0.00%
649,Lithuania,11-Jan-21,"25,719",0,0.90%,0.00%
650,Lithuania,13-Jan-21,"34,040",0,1.20%,0.00%
651,Lithuania,14-Jan-21,"42,668",0,1.50%,0.00%
652,Lithuania,16-Jan-21,"51,043",0,1.80%,0.00%
653,Lithuania,17-Jan-21,"51,085","1,089",1.80%,0.00%
654,Lithuania,19-Jan-21,"56,300","6,676",2.00%,0.20%
655,Lithuania,20-Jan-21,"57,936","8,509",2.10%,0.30%
656,Lithuania,22-Jan-21,"59,170","9,217",2.10%,0.30%
657,Lithuania,23-Jan-21,"59,178","9,217",2.10%,0.30%
658,Lithuania,26-Jan-21,"61,751","9,847",2.20%,0.40%
659,Lithuania,27-Jan-21,"65,580","12,904",2.30%,0.50%
660,Lithuania,29-Jan-21,"71,954","21,654",2.60%,0.80%
661,Lithuania,31-Jan-21,"72,158","22,087",2.60%,0.80%
662,Lithuania,01-Feb-21,"73,209","23,918",2.60%,0.90%
663,Lithuania,03-Feb-21,"76,494","31,285",2.70%,1.10%
664,Lithuania,04-Feb-21,"78,025","39,589",2.80%,1.40%
665,Lithuania,06-Feb-21,"79,047","46,542",2.80%,1.70%
666,Lithuania,07-Feb-21,"79,049","46,637",2.80%,1.70%
667,Lithuania,09-Feb-21,"80,350","50,834",2.90%,1.80%
668,Lithuania,10-Feb-21,"84,868","52,465",3.00%,1.90%
669,Lithuania,12-Feb-21,"98,908","54,746",3.50%,2.00%
670,Lithuania,13-Feb-21,"99,354","54,746",3.60%,2.00%
671,Lithuania,16-Feb-21,"1,03,624","55,649",3.70%,2.00%
672,Lithuania,18-Feb-21,"1,14,497","64,339",4.10%,2.30%
673,Lithuania,19-Feb-21,"1,21,632","67,649",4.40%,2.40%
674,Lithuania,22-Feb-21,"1,26,477","69,285",4.50%,2.50%
675,Lithuania,23-Feb-21,"1,33,997","70,390",4.80%,2.50%
676,Lithuania,25-Feb-21,"1,55,617","72,253",5.60%,2.60%
677,Lithuania,26-Feb-21,"1,64,556","73,287",5.90%,2.60%
678,Lithuania,28-Feb-21,"1,65,634","73,318",5.90%,2.60%
679,Lithuania,01-Mar-21,"1,73,019","73,463",6.20%,2.60%
680,Lithuania,03-Mar-21,"1,91,447","76,266",6.90%,2.70%
681,Lithuania,04-Mar-21,"2,01,675","81,390",7.20%,2.90%
682,Lithuania,06-Mar-21,"2,11,469","86,153",7.60%,3.10%
683,Lithuania,08-Mar-21,"2,19,400","87,115",7.90%,3.10%
684,Lithuania,09-Mar-21,"2,29,893","88,481",8.20%,3.20%
685,Lithuania,11-Mar-21,"2,43,395","91,713",8.70%,3.30%
686,Lithuania,12-Mar-21,"2,54,012","98,993",9.10%,3.50%
687,Lithuania,14-Mar-21,"2,55,068","99,706",9.10%,3.60%
688,Lithuania,15-Mar-21,"2,61,916","1,00,829",9.40%,3.60%
689,Lithuania,17-Mar-21,"2,70,146","1,13,228",9.70%,4.10%
690,Lithuania,18-Mar-21,"2,72,910","1,18,807",9.80%,4.30%
691,Lithuania,20-Mar-21,"2,76,564","1,25,129",9.90%,4.50%
692,Lithuania,21-Mar-21,"2,76,576","1,25,149",9.90%,4.50%
693,Lithuania,23-Mar-21,"2,90,578","1,32,175",10.40%,4.70%
694,Lithuania,25-Mar-21,"3,12,712","1,44,443",11.20%,5.20%
695,Lithuania,26-Mar-21,"3,22,476","1,51,061",11.50%,5.40%
696,Lithuania,28-Mar-21,"3,25,609","1,51,257",11.70%,5.40%
697,Lithuania,29-Mar-21,"3,31,429","1,53,298",11.90%,5.50%
698,Lithuania,31-Mar-21,"3,51,296","1,66,727",12.60%,6.00%
699,Lithuania,01-Apr-21,"3,66,705","1,69,419",13.10%,6.10%
700,Lithuania,03-Apr-21,"3,87,476","1,76,852",13.90%,6.30%
701,Lithuania,04-Apr-21,"3,89,883","1,76,854",14.00%,6.30%
702,Lithuania,06-Apr-21,"4,05,179","1,79,818",14.50%,6.40%
703,Lithuania,07-Apr-21,"4,16,636","1,80,819",14.90%,6.50%
704,Lithuania,09-Apr-21,"4,63,596","1,88,960",16.60%,6.80%
705,Poland,03-Jan-21,"50,833",0,0.10%,0.00%
706,Poland,05-Jan-21,"1,40,226",0,0.40%,0.00%
707,Poland,06-Jan-21,"1,60,359",0,0.40%,0.00%
708,Poland,07-Jan-21,"1,88,956",0,0.50%,0.00%
709,Poland,08-Jan-21,"1,98,787",0,0.50%,0.00%
710,Poland,10-Jan-21,"2,03,053",0,0.50%,0.00%
711,Poland,11-Jan-21,"2,57,834",0,0.70%,0.00%
712,Poland,12-Jan-21,"3,09,620",0,0.80%,0.00%
713,Poland,14-Jan-21,"4,10,480",0,1.10%,0.00%
714,Poland,15-Jan-21,"4,36,963",0,1.20%,0.00%
715,Poland,16-Jan-21,"4,57,303",0,1.20%,0.00%
716,Poland,17-Jan-21,"4,68,795",671,1.20%,0.00%
717,Poland,19-Jan-21,"5,30,055","11,174",1.40%,0.00%
718,Poland,20-Jan-21,"5,66,793","24,992",1.50%,0.10%
719,Poland,21-Jan-21,"6,05,313","39,686",1.60%,0.10%
720,Poland,23-Jan-21,"6,54,184","46,980",1.70%,0.10%
721,Poland,24-Jan-21,"6,59,753","47,721",1.70%,0.10%
722,Poland,25-Jan-21,"7,01,222","75,765",1.80%,0.20%
723,Poland,26-Jan-21,"7,82,413","1,23,044",2.10%,0.30%
724,Poland,28-Jan-21,"9,17,908","1,79,128",2.40%,0.50%
725,Poland,29-Jan-21,"9,45,600","1,95,481",2.50%,0.50%
726,Poland,30-Jan-21,"9,58,453","1,98,478",2.50%,0.50%
727,Poland,31-Jan-21,"9,76,367","2,00,537",2.60%,0.50%
728,Poland,02-Feb-21,"10,53,245","2,89,190",2.80%,0.80%
729,Poland,03-Feb-21,"11,17,146","3,44,432",2.90%,0.90%
730,Poland,04-Feb-21,"11,71,229","3,95,375",3.10%,1.00%
731,Poland,06-Feb-21,"12,00,793","4,40,365",3.20%,1.20%
732,Poland,07-Feb-21,"12,06,212","4,50,496",3.20%,1.20%
733,Poland,09-Feb-21,"12,91,569","4,82,146",3.40%,1.30%
734,Poland,11-Feb-21,"14,13,132","5,80,607",3.70%,1.50%
735,Poland,13-Feb-21,"14,66,439","6,40,650",3.90%,1.70%
736,Poland,14-Feb-21,"14,76,274","6,45,971",3.90%,1.70%
737,Poland,15-Feb-21,"15,00,911","6,58,235",4.00%,1.70%
738,Poland,17-Feb-21,"16,10,734","7,74,060",4.20%,2.00%
739,Poland,18-Feb-21,"16,91,115","8,65,884",4.50%,2.30%
740,Poland,19-Feb-21,"17,43,841","9,16,935",4.60%,2.40%
741,Poland,20-Feb-21,"17,72,133","9,25,682",4.70%,2.40%
742,Poland,22-Feb-21,"18,24,654","9,34,782",4.80%,2.50%
743,Poland,24-Feb-21,"19,59,165","10,31,518",5.20%,2.70%
744,Poland,26-Feb-21,"21,01,754","11,68,058",5.50%,3.10%
745,Poland,01-Mar-21,"21,90,526","11,92,900",5.80%,3.10%
746,Poland,03-Mar-21,"23,38,137","12,81,179",6.20%,3.40%
747,Poland,04-Mar-21,"24,24,929","13,66,648",6.40%,3.60%
748,Poland,06-Mar-21,"25,26,389","14,24,715",6.70%,3.80%
749,Poland,09-Mar-21,"26,41,693","14,45,170",7.00%,3.80%
750,Poland,11-Mar-21,"28,35,856","15,55,400",7.50%,4.10%
751,Poland,12-Mar-21,"28,91,753","15,95,520",7.60%,4.20%
752,Poland,14-Mar-21,"29,24,629","16,06,154",7.70%,4.20%
753,Poland,15-Mar-21,"29,46,767","16,10,293",7.80%,4.20%
754,Poland,16-Mar-21,"29,84,642","16,21,287",7.90%,4.30%
755,Poland,17-Mar-21,"30,74,378","16,64,524",8.10%,4.40%
756,Poland,19-Mar-21,"32,13,724","17,69,770",8.50%,4.70%
757,Poland,20-Mar-21,"32,33,998","17,80,169",8.50%,4.70%
758,Poland,21-Mar-21,"32,42,462","17,83,720",8.50%,4.70%
759,Poland,22-Mar-21,"32,89,482","17,88,446",8.70%,4.70%
760,Poland,24-Mar-21,"35,24,209","18,57,517",9.30%,4.90%
761,Poland,26-Mar-21,"37,85,646","19,69,905",10.00%,5.20%
762,Poland,28-Mar-21,"38,89,970","19,92,611",10.20%,5.20%
763,Poland,31-Mar-21,"42,31,313","20,39,663",11.10%,5.40%
764,Poland,01-Apr-21,"44,04,565","20,58,204",11.60%,5.40%
765,Poland,02-Apr-21,"45,44,816","20,70,003",12.00%,5.50%
766,Poland,04-Apr-21,"45,85,575","20,73,334",12.10%,5.50%
767,Poland,07-Apr-21,"49,09,594","20,90,058",12.90%,5.50%
768,Poland,08-Apr-21,"51,67,241","20,96,185",13.60%,5.50%
769,Portugal,27-Dec-20,"4,963",0,0.00%,0.00%
770,Portugal,28-Dec-20,"7,754",0,0.10%,0.00%
771,Portugal,30-Dec-20,"30,543",0,0.30%,0.00%
772,Portugal,31-Dec-20,"32,749",0,0.30%,0.00%
773,Portugal,04-Jan-21,"33,670",0,0.30%,0.00%
774,Portugal,05-Jan-21,"46,433",0,0.50%,0.00%
775,Portugal,07-Jan-21,"71,751",0,0.70%,0.00%
776,Portugal,08-Jan-21,"74,254",0,0.70%,0.00%
777,Portugal,10-Jan-21,"74,392",0,0.70%,0.00%
778,Portugal,11-Jan-21,"75,280",0,0.70%,0.00%
779,Portugal,13-Jan-21,"99,961",0,1.00%,0.00%
780,Portugal,14-Jan-21,"1,11,111",0,1.10%,0.00%
781,Portugal,16-Jan-21,"1,20,132",0,1.20%,0.00%
782,Portugal,18-Jan-21,"1,22,879","1,825",1.20%,0.00%
783,Portugal,19-Jan-21,"1,38,991","9,443",1.40%,0.10%
784,Portugal,21-Jan-21,"1,86,879","23,592",1.80%,0.20%
785,Portugal,22-Jan-21,"2,10,734","25,996",2.10%,0.30%
786,Portugal,24-Jan-21,"2,25,146","30,553",2.20%,0.30%
787,Portugal,30-Jan-21,"2,64,772","65,461",2.60%,0.60%
788,Portugal,01-Feb-21,"2,69,814","68,752",2.60%,0.70%
789,Portugal,02-Feb-21,"2,71,424","70,695",2.60%,0.70%
790,Portugal,04-Feb-21,"2,79,236","84,975",2.70%,0.80%
791,Portugal,05-Feb-21,"2,84,462","94,916",2.80%,0.90%
792,Portugal,07-Feb-21,"2,91,378","1,04,526",2.80%,1.00%
793,Portugal,08-Feb-21,"2,91,758","1,04,613",2.80%,1.00%
794,Portugal,10-Feb-21,"2,98,724","1,16,559",2.90%,1.10%
795,Portugal,11-Feb-21,"3,03,142","1,33,078",2.90%,1.30%
796,Portugal,13-Feb-21,"3,20,677","1,84,694",3.10%,1.80%
797,Portugal,14-Feb-21,"3,28,819","1,94,530",3.20%,1.90%
798,Portugal,16-Feb-21,"3,47,490","2,08,059",3.40%,2.00%
799,Portugal,18-Feb-21,"3,72,421","2,22,044",3.60%,2.20%
800,Portugal,19-Feb-21,"3,99,651","2,34,748",3.90%,2.30%
801,Portugal,21-Feb-21,"4,40,010","2,51,206",4.30%,2.40%
802,Portugal,22-Feb-21,"4,45,898","2,53,254",4.30%,2.50%
803,Portugal,24-Feb-21,"4,82,413","2,57,199",4.70%,2.50%
804,Portugal,25-Feb-21,"5,10,524","2,60,688",5.00%,2.50%
805,Portugal,27-Feb-21,"5,87,546","2,69,236",5.70%,2.60%
806,Portugal,28-Feb-21,"6,10,296","2,70,521",5.90%,2.60%
807,Portugal,02-Mar-21,"6,34,132","2,74,282",6.20%,2.70%
808,Portugal,03-Mar-21,"6,48,189","2,75,947",6.30%,2.70%
809,Portugal,05-Mar-21,"7,08,699","2,86,789",6.90%,2.80%
810,Portugal,06-Mar-21,"7,39,941","2,95,396",7.20%,2.90%
811,Portugal,08-Mar-21,"7,56,932","3,04,020",7.40%,3.00%
812,Portugal,09-Mar-21,"7,65,745","3,06,198",7.50%,3.00%
813,Portugal,11-Mar-21,"7,89,513","3,17,102",7.70%,3.10%
814,Portugal,12-Mar-21,"8,10,332","3,31,405",7.90%,3.20%
815,Portugal,14-Mar-21,"8,41,483","3,50,242",8.20%,3.40%
816,Portugal,16-Mar-21,"8,71,515","3,56,804",8.50%,3.50%
817,Portugal,17-Mar-21,"8,73,073","3,62,751",8.50%,3.50%
818,Portugal,19-Mar-21,"8,97,541","4,18,001",8.70%,4.10%
819,Portugal,20-Mar-21,"9,14,423","4,45,976",8.90%,4.30%
820,Portugal,22-Mar-21,"9,42,962","4,71,357",9.20%,4.60%
821,Portugal,23-Mar-21,"9,53,056","4,78,989",9.30%,4.70%
822,Portugal,25-Mar-21,"10,12,179","4,84,668",9.80%,4.70%
823,Portugal,26-Mar-21,"10,79,107","4,89,172",10.50%,4.80%
824,Portugal,28-Mar-21,"11,69,256","4,93,146",11.40%,4.80%
825,Portugal,29-Mar-21,"11,96,550","4,94,569",11.60%,4.80%
826,Portugal,31-Mar-21,"12,44,820","5,00,793",12.10%,4.90%
827,Portugal,01-Apr-21,"12,58,789","5,10,500",12.20%,5.00%
828,Portugal,03-Apr-21,"13,18,700","5,69,304",12.80%,5.50%
829,Portugal,04-Apr-21,"13,29,511","5,76,427",12.90%,5.60%
830,Portugal,06-Apr-21,"13,61,022","5,84,958",13.20%,5.70%
831,Portugal,07-Apr-21,"13,97,658","5,88,040",13.60%,5.70%
832,Portugal,09-Apr-21,"15,04,553","6,13,485",14.60%,6.00%
833,Romania,27-Dec-20,965,0,0.00%,0.00%
834,Romania,28-Dec-20,"2,066",0,0.00%,0.00%
835,Romania,30-Dec-20,"5,666",0,0.00%,0.00%
836,Romania,31-Dec-20,"10,289",0,0.10%,0.00%
837,Romania,02-Jan-21,"13,242",0,0.10%,0.00%
838,Romania,04-Jan-21,"25,508",0,0.10%,0.00%
839,Romania,05-Jan-21,"41,609",0,0.20%,0.00%
840,Romania,07-Jan-21,"76,400",0,0.40%,0.00%
841,Romania,08-Jan-21,"92,706",0,0.50%,0.00%
842,Romania,10-Jan-21,"1,08,294",0,0.60%,0.00%
843,Romania,12-Jan-21,"1,40,447",0,0.70%,0.00%
844,Romania,13-Jan-21,"1,54,268",0,0.80%,0.00%
845,Romania,16-Jan-21,"1,96,090",0,1.00%,0.00%
846,Romania,18-Jan-21,"2,33,289","1,950",1.20%,0.00%
847,Romania,19-Jan-21,"2,67,425","2,621",1.40%,0.00%
848,Romania,21-Jan-21,"3,38,253","9,843",1.70%,0.10%
849,Romania,22-Jan-21,"3,74,682","11,254",1.90%,0.10%
850,Romania,24-Jan-21,"4,33,130","13,155",2.20%,0.10%
851,Romania,26-Jan-21,"4,87,712","40,666",2.50%,0.20%
852,Romania,27-Jan-21,"5,13,430","57,274",2.60%,0.30%
853,Romania,29-Jan-21,"5,54,925","92,075",2.90%,0.50%
854,Romania,30-Jan-21,"5,71,092","1,01,304",2.90%,0.50%
855,Romania,01-Feb-21,"5,98,136","1,23,048",3.10%,0.60%
856,Romania,03-Feb-21,"6,20,177","1,52,025",3.20%,0.80%
857,Romania,04-Feb-21,"6,29,280","1,65,515",3.20%,0.90%
858,Romania,06-Feb-21,"6,47,691","1,93,121",3.30%,1.00%
859,Romania,07-Feb-21,"6,56,178","2,00,144",3.40%,1.00%
860,Romania,09-Feb-21,"6,66,943","2,63,212",3.40%,1.40%
861,Romania,11-Feb-21,"6,75,234","3,34,187",3.50%,1.70%
862,Romania,12-Feb-21,"6,79,333","3,69,464",3.50%,1.90%
863,Romania,14-Feb-21,"6,86,635","4,27,340",3.50%,2.20%
864,Romania,15-Feb-21,"6,96,944","4,54,168",3.60%,2.30%
865,Romania,17-Feb-21,"7,34,929","5,05,479",3.80%,2.60%
866,Romania,19-Feb-21,"7,71,240","5,47,115",4.00%,2.80%
867,Romania,20-Feb-21,"7,88,508","5,62,771",4.10%,2.90%
868,Romania,22-Feb-21,"8,19,447","5,89,640",4.20%,3.00%
869,Romania,24-Feb-21,"8,55,097","6,11,552",4.40%,3.10%
870,Romania,25-Feb-21,"8,72,361","6,14,546",4.50%,3.20%
871,Romania,27-Feb-21,"9,05,142","6,16,594",4.70%,3.20%
872,Romania,28-Feb-21,"9,15,761","6,17,111",4.70%,3.20%
873,Romania,02-Mar-21,"9,83,997","6,19,182",5.10%,3.20%
874,Romania,04-Mar-21,"10,58,452","6,27,159",5.50%,3.20%
875,Romania,05-Mar-21,"10,96,911","6,36,053",5.60%,3.30%
876,Romania,07-Mar-21,"11,74,219","6,52,567",6.00%,3.40%
877,Romania,08-Mar-21,"12,12,503","6,57,741",6.20%,3.40%
878,Romania,10-Mar-21,"12,97,161","6,72,685",6.70%,3.50%
879,Romania,12-Mar-21,"13,75,595","6,93,548",7.10%,3.60%
880,Romania,13-Mar-21,"14,13,636","7,04,229",7.30%,3.60%
881,Romania,15-Mar-21,"14,87,184","7,22,956",7.70%,3.70%
882,Romania,16-Mar-21,"15,31,483","7,38,641",7.90%,3.80%
883,Romania,18-Mar-21,"16,15,577","7,60,753",8.30%,3.90%
884,Romania,20-Mar-21,"17,04,448","7,72,647",8.80%,4.00%
885,Romania,21-Mar-21,"17,46,105","7,75,407",9.00%,4.00%
886,Romania,23-Mar-21,"18,00,681","8,26,089",9.30%,4.30%
887,Romania,25-Mar-21,"18,61,647","8,83,117",9.60%,4.50%
888,Romania,26-Mar-21,"18,88,033","9,11,862",9.70%,4.70%
889,Romania,28-Mar-21,"19,39,485","9,73,670",10.00%,5.00%
890,Romania,29-Mar-21,"19,63,149","10,02,464",10.10%,5.20%
891,Romania,31-Mar-21,"20,15,307","10,72,985",10.40%,5.50%
892,Romania,02-Apr-21,"20,65,575","11,38,301",10.60%,5.90%
893,Romania,03-Apr-21,"20,90,464","11,68,837",10.80%,6.00%
894,Romania,05-Apr-21,"21,32,024","12,26,982",11.00%,6.30%
895,Romania,06-Apr-21,"21,55,906","12,58,049",11.10%,6.50%
896,Romania,08-Apr-21,"22,06,254","13,19,863",11.40%,6.80%
897,Slovakia,05-Jan-21,425,0,0.00%,0.00%
898,Slovakia,06-Jan-21,"6,618",0,0.10%,0.00%
899,Slovakia,08-Jan-21,"20,702",0,0.40%,0.00%
900,Slovakia,09-Jan-21,"22,311",0,0.40%,0.00%
901,Slovakia,11-Jan-21,"29,411",0,0.50%,0.00%
902,Slovakia,12-Jan-21,"39,977",0,0.70%,0.00%
903,Slovakia,14-Jan-21,"54,183",0,1.00%,0.00%
904,Slovakia,15-Jan-21,"62,037",0,1.10%,0.00%
905,Slovakia,16-Jan-21,"63,399",0,1.20%,0.00%
906,Slovakia,18-Jan-21,"71,839",582,1.30%,0.00%
907,Slovakia,19-Jan-21,"79,329","1,043",1.50%,0.00%
908,Slovakia,21-Jan-21,"93,018","2,555",1.70%,0.00%
909,Slovakia,22-Jan-21,"99,655","2,688",1.80%,0.00%
910,Slovakia,25-Jan-21,"1,06,599","4,981",2.00%,0.10%
911,Slovakia,26-Jan-21,"1,13,571","5,237",2.10%,0.10%
912,Slovakia,28-Jan-21,"1,28,712","7,031",2.40%,0.10%
913,Slovakia,29-Jan-21,"1,38,177","9,365",2.50%,0.20%
914,Slovakia,31-Jan-21,"1,39,679","9,536",2.60%,0.20%
915,Slovakia,01-Feb-21,"1,48,530","12,445",2.70%,0.20%
916,Slovakia,03-Feb-21,"1,66,717","18,220",3.10%,0.30%
917,Slovakia,04-Feb-21,"1,75,587","23,771",3.20%,0.40%
918,Slovakia,06-Feb-21,"1,86,055","31,132",3.40%,0.60%
919,Slovakia,07-Feb-21,"1,86,235","31,132",3.40%,0.60%
920,Slovakia,09-Feb-21,"2,00,950","42,558",3.70%,0.80%
921,Slovakia,10-Feb-21,"2,07,505","49,064",3.80%,0.90%
922,Slovakia,12-Feb-21,"2,22,389","62,058",4.10%,1.10%
923,Slovakia,13-Feb-21,"2,26,279","62,477",4.20%,1.10%
924,Slovakia,15-Feb-21,"2,43,608","69,479",4.50%,1.30%
925,Slovakia,16-Feb-21,"2,48,592","75,827",4.60%,1.40%
926,Slovakia,18-Feb-21,"2,58,746","88,482",4.70%,1.60%
927,Slovakia,19-Feb-21,"2,65,079","95,326",4.90%,1.70%
928,Slovakia,21-Feb-21,"2,77,755","95,609",5.10%,1.80%
929,Slovakia,22-Feb-21,"2,83,381","1,02,499",5.20%,1.90%
930,Slovakia,24-Feb-21,"2,95,680","1,15,880",5.40%,2.10%
931,Slovakia,25-Feb-21,"2,98,902","1,23,739",5.50%,2.30%
932,Slovakia,27-Feb-21,"3,11,647","1,33,686",5.70%,2.50%
933,Slovakia,28-Feb-21,"3,17,213","1,33,686",5.80%,2.50%
934,Slovakia,01-Mar-21,"3,23,145","1,42,891",5.90%,2.60%
935,Slovakia,03-Mar-21,"3,32,970","1,61,671",6.10%,3.00%
936,Slovakia,04-Mar-21,"3,37,340","1,70,353",6.20%,3.10%
937,Slovakia,06-Mar-21,"3,61,699","1,79,637",6.60%,3.30%
938,Slovakia,07-Mar-21,"3,74,148","1,79,829",6.90%,3.30%
939,Slovakia,09-Mar-21,"3,82,522","1,95,262",7.00%,3.60%
940,Slovakia,10-Mar-21,"3,86,512","2,02,020",7.10%,3.70%
941,Slovakia,12-Mar-21,"4,11,329","2,14,998",7.50%,3.90%
942,Slovakia,13-Mar-21,"4,32,946","2,17,130",7.90%,4.00%
943,Slovakia,15-Mar-21,"4,63,099","2,20,896",8.50%,4.10%
944,Slovakia,16-Mar-21,"4,78,816","2,24,225",8.80%,4.10%
945,Slovakia,18-Mar-21,"5,10,910","2,31,407",9.40%,4.20%
946,Slovakia,19-Mar-21,"5,23,767","2,37,157",9.60%,4.40%
947,Slovakia,21-Mar-21,"5,57,669","2,39,511",10.20%,4.40%
948,Slovakia,22-Mar-21,"5,75,802","2,42,759",10.60%,4.50%
949,Slovakia,24-Mar-21,"6,11,324","2,51,248",11.20%,4.60%
950,Slovakia,25-Mar-21,"6,27,020","2,54,071",11.50%,4.70%
951,Slovakia,27-Mar-21,"6,58,015","2,56,205",12.10%,4.70%
952,Slovakia,28-Mar-21,"6,67,165","2,56,206",12.20%,4.70%
953,Slovakia,30-Mar-21,"7,03,447","2,60,385",12.90%,4.80%
954,Slovakia,31-Mar-21,"7,23,821","2,62,322",13.30%,4.80%
955,Slovakia,02-Apr-21,"7,47,873","2,63,966",13.70%,4.80%
956,Slovakia,03-Apr-21,"7,59,157","2,64,130",13.90%,4.80%
957,Slovakia,05-Apr-21,"7,63,622","2,64,134",14.00%,4.80%
958,Slovakia,06-Apr-21,"7,79,651","2,67,604",14.30%,4.90%
959,Slovakia,08-Apr-21,"8,11,508","2,76,629",14.90%,5.10%
960,Slovakia,09-Apr-21,"8,11,508","2,77,064",14.90%,5.10%
961,Slovenia,27-Dec-20,"6,040",0,0.30%,0.00%
962,Slovenia,28-Dec-20,"7,587",0,0.40%,0.00%
963,Slovenia,30-Dec-20,"9,208",0,0.40%,0.00%
964,Slovenia,31-Dec-20,"11,060",0,0.50%,0.00%
965,Slovenia,02-Jan-21,"11,614",0,0.60%,0.00%
966,Slovenia,03-Jan-21,"12,169",0,0.60%,0.00%
967,Slovenia,05-Jan-21,"15,712",0,0.80%,0.00%
968,Slovenia,06-Jan-21,"20,987",0,1.00%,0.00%
969,Slovenia,08-Jan-21,"29,653",1,1.40%,0.00%
970,Slovenia,09-Jan-21,"29,907",1,1.40%,0.00%
971,Slovenia,11-Jan-21,"30,392",1,1.50%,0.00%
972,Slovenia,12-Jan-21,"32,195",1,1.50%,0.00%
973,Slovenia,14-Jan-21,"43,553",3,2.10%,0.00%
974,Slovenia,16-Jan-21,"48,644",150,2.30%,0.00%
975,Slovenia,17-Jan-21,"48,648",150,2.30%,0.00%
976,Slovenia,19-Jan-21,"49,265","1,928",2.40%,0.10%
977,Slovenia,20-Jan-21,"50,418","5,447",2.40%,0.30%
978,Slovenia,22-Jan-21,"52,942","9,795",2.50%,0.50%
979,Slovenia,23-Jan-21,"53,171","10,278",2.60%,0.50%
980,Slovenia,25-Jan-21,"53,190","10,415",2.60%,0.50%
981,Slovenia,26-Jan-21,"53,278","12,161",2.60%,0.60%
982,Slovenia,28-Jan-21,"54,090","22,489",2.60%,1.10%
983,Slovenia,29-Jan-21,"54,659","26,489",2.60%,1.30%
984,Slovenia,31-Jan-21,"54,670","26,596",2.60%,1.30%
985,Slovenia,01-Feb-21,"54,693","26,626",2.60%,1.30%
986,Slovenia,03-Feb-21,"54,908","32,324",2.60%,1.60%
987,Slovenia,04-Feb-21,"55,568","39,052",2.70%,1.90%
988,Slovenia,06-Feb-21,"56,020","44,845",2.70%,2.20%
989,Slovenia,08-Feb-21,"56,418","44,845",2.70%,2.20%
990,Slovenia,10-Feb-21,"59,000","45,582",2.80%,2.20%
991,Slovenia,12-Feb-21,"72,694","49,064",3.50%,2.40%
992,Slovenia,13-Feb-21,"73,404","49,253",3.50%,2.40%
993,Slovenia,15-Feb-21,"73,499","49,277",3.50%,2.40%
994,Slovenia,16-Feb-21,"74,543","49,348",3.60%,2.40%
995,Slovenia,18-Feb-21,"87,751","50,693",4.20%,2.40%
996,Slovenia,19-Feb-21,"93,896","51,292",4.50%,2.50%
997,Slovenia,21-Feb-21,"96,416","51,311",4.60%,2.50%
998,Slovenia,22-Feb-21,"96,888","51,314",4.70%,2.50%
999,Slovenia,24-Feb-21,"1,05,188","51,506",5.10%,2.50%
1000,Slovenia,25-Feb-21,"1,15,927","51,694",5.60%,2.50%
1001,Slovenia,27-Feb-21,"1,24,059","52,247",6.00%,2.50%
1002,Slovenia,01-Mar-21,"1,25,197","52,247",6.00%,2.50%
1003,Slovenia,03-Mar-21,"1,33,900","53,140",6.40%,2.60%
1004,Slovenia,04-Mar-21,"1,40,614","57,708",6.80%,2.80%
1005,Slovenia,06-Mar-21,"1,46,558","63,985",7.00%,3.10%
1006,Slovenia,08-Mar-21,"1,47,968","64,379",7.10%,3.10%
1007,Slovenia,10-Mar-21,"1,56,323","69,795",7.50%,3.40%
1008,Slovenia,12-Mar-21,"1,70,783","82,736",8.20%,4.00%
1009,Slovenia,13-Mar-21,"1,76,945","84,896",8.50%,4.10%
1010,Slovenia,16-Mar-21,"1,78,549","85,969",8.60%,4.10%
1011,Slovenia,17-Mar-21,"1,78,997","91,652",8.60%,4.40%
1012,Slovenia,19-Mar-21,"1,83,670","1,04,502",8.80%,5.00%
1013,Slovenia,20-Mar-21,"1,87,725","1,04,680",9.00%,5.00%
1014,Slovenia,23-Mar-21,"1,92,771","1,05,001",9.30%,5.00%
1015,Slovenia,24-Mar-21,"2,00,089","1,07,578",9.60%,5.20%
1016,Slovenia,26-Mar-21,"2,25,513","1,12,330",10.80%,5.40%
1017,Slovenia,27-Mar-21,"2,32,224","1,12,824",11.20%,5.40%
1018,Slovenia,29-Mar-21,"2,34,613","1,12,834",11.30%,5.40%
1019,Slovenia,30-Mar-21,"2,42,113","1,13,154",11.60%,5.40%
1020,Slovenia,01-Apr-21,"2,71,766","1,17,092",13.10%,5.60%
1021,Slovenia,02-Apr-21,"2,81,528","1,19,160",13.50%,5.70%
1022,Slovenia,04-Apr-21,"2,86,081","1,19,180",13.70%,5.70%
1023,Slovenia,06-Apr-21,"2,88,528","1,19,540",13.90%,5.70%
1024,Slovenia,08-Apr-21,"3,08,522","1,20,067",14.80%,5.80%
1025,Spain,11-Jan-21,"4,06,091",0,0.90%,0.00%
1026,Spain,12-Jan-21,"4,88,122",0,1.00%,0.00%
1027,Spain,13-Jan-21,"5,81,638",0,1.20%,0.00%
1028,Spain,14-Jan-21,"6,76,186",0,1.40%,0.00%
1029,Spain,15-Jan-21,"7,68,950",0,1.60%,0.00%
1030,Spain,18-Jan-21,"8,95,627","2,315",1.90%,0.00%
1031,Spain,19-Jan-21,"9,56,756","9,341",2.00%,0.00%
1032,Spain,20-Jan-21,"10,10,295","15,642",2.20%,0.00%
1033,Spain,21-Jan-21,"10,54,245","49,056",2.20%,0.10%
1034,Spain,22-Jan-21,"10,97,369","68,456",2.30%,0.10%
1035,Spain,24-Jan-21,"11,48,895","88,698",2.40%,0.20%
1036,Spain,25-Jan-21,"11,67,519","1,23,697",2.50%,0.30%
1037,Spain,26-Jan-21,"11,83,395","1,73,066",2.50%,0.40%
1038,Spain,27-Jan-21,"12,02,859","1,92,759",2.60%,0.40%
1039,Spain,28-Jan-21,"12,22,323","2,51,866",2.60%,0.50%
1040,Spain,31-Jan-21,"12,51,369","3,57,892",2.70%,0.80%
1041,Spain,01-Feb-21,"12,54,535","4,18,519",2.70%,0.90%
1042,Spain,02-Feb-21,"12,65,800","4,98,978",2.70%,1.10%
1043,Spain,03-Feb-21,"12,79,220","5,86,122",2.70%,1.20%
1044,Spain,04-Feb-21,"13,05,251","6,82,909",2.80%,1.50%
1045,Spain,07-Feb-21,"13,18,626","7,86,407",2.80%,1.70%
1046,Spain,08-Feb-21,"13,28,459","8,38,782",2.80%,1.80%
1047,Spain,09-Feb-21,"13,43,566","8,89,683",2.90%,1.90%
1048,Spain,10-Feb-21,"13,77,229","9,43,278",2.90%,2.00%
1049,Spain,11-Feb-21,"14,22,560","10,00,485",3.00%,2.10%
1050,Spain,14-Feb-21,"14,91,517","10,70,091",3.20%,2.30%
1051,Spain,15-Feb-21,"15,27,590","10,96,922",3.30%,2.30%
1052,Spain,16-Feb-21,"15,71,277","11,19,180",3.30%,2.40%
1053,Spain,17-Feb-21,"16,38,195","11,44,556",3.50%,2.40%
1054,Spain,18-Feb-21,"17,64,985","11,71,026",3.80%,2.50%
1055,Spain,21-Feb-21,"18,93,290","11,97,061",4.00%,2.60%
1056,Spain,22-Feb-21,"19,56,886","12,08,305",4.20%,2.60%
1057,Spain,23-Feb-21,"20,63,495","12,21,183",4.40%,2.60%
1058,Spain,24-Feb-21,"22,04,376","12,31,782",4.70%,2.60%
1059,Spain,25-Feb-21,"23,61,852","12,43,783",5.00%,2.60%
1060,Spain,28-Feb-21,"25,67,617","12,61,848",5.50%,2.70%
1061,Spain,01-Mar-21,"26,42,034","12,66,700",5.60%,2.70%
1062,Spain,02-Mar-21,"27,72,318","12,87,002",5.90%,2.70%
1063,Spain,03-Mar-21,"29,20,179","13,08,913",6.20%,2.80%
1064,Spain,04-Mar-21,"31,29,092","13,42,485",6.70%,2.90%
1065,Spain,07-Mar-21,"33,28,703","13,83,488",7.10%,2.90%
1066,Spain,08-Mar-21,"34,36,412","14,12,236",7.30%,3.00%
1067,Spain,09-Mar-21,"35,41,667","14,47,838",7.50%,3.10%
1068,Spain,10-Mar-21,"36,68,848","15,03,258",7.80%,3.20%
1069,Spain,11-Mar-21,"37,69,523","15,83,244",8.00%,3.40%
1070,Spain,15-Mar-21,"39,51,221","16,93,674",8.40%,3.60%
1071,Spain,16-Mar-21,"40,13,681","17,28,537",8.60%,3.70%
1072,Spain,17-Mar-21,"40,52,470","18,04,615",8.60%,3.80%
1073,Spain,18-Mar-21,"41,06,550","18,86,813",8.70%,4.00%
1074,Spain,22-Mar-21,"42,11,040","21,10,868",9.00%,4.50%
1075,Spain,23-Mar-21,"42,52,598","21,56,598",9.10%,4.60%
1076,Spain,24-Mar-21,"43,43,860","22,76,233",9.30%,4.80%
1077,Spain,25-Mar-21,"44,47,534","23,92,202",9.50%,5.10%
1078,Spain,26-Mar-21,"45,61,529","25,05,842",9.70%,5.30%
1079,Spain,29-Mar-21,"49,67,230","26,04,209",10.60%,5.50%
1080,Spain,30-Mar-21,"50,92,535","26,44,076",10.80%,5.60%
1081,Spain,31-Mar-21,"53,14,076","27,21,084",11.30%,5.80%
1082,Spain,01-Apr-21,"55,45,140","27,97,015",11.80%,6.00%
1083,Spain,03-Apr-21,"57,07,450","28,41,148",12.20%,6.10%
1084,Spain,05-Apr-21,"58,90,888","28,52,806",12.60%,6.10%
1085,Spain,06-Apr-21,"61,18,710","29,02,291",13.00%,6.20%
1086,Spain,07-Apr-21,"64,16,016","29,41,831",13.70%,6.30%
1087,Spain,08-Apr-21,"67,91,079","30,20,450",14.50%,6.40%
1088,Spain,09-Apr-21,"71,59,716","30,72,109",15.30%,6.50%
1089,Sweden,27-Dec-20,"1,964",0,0.00%,0.00%
1090,Sweden,27-Dec-20,"1,964",0,0.00%,0.00%
1091,Sweden,03-Jan-21,"14,510",0,0.10%,0.00%
1092,Sweden,03-Jan-21,"14,510",0,0.10%,0.00%
1093,Sweden,03-Jan-21,"14,510",0,0.10%,0.00%
1094,Sweden,03-Jan-21,"14,510",0,0.10%,0.00%
1095,Sweden,10-Jan-21,"48,780",0,0.50%,0.00%
1096,Sweden,10-Jan-21,"48,780",0,0.50%,0.00%
1097,Sweden,10-Jan-21,"48,780",0,0.50%,0.00%
1098,Sweden,17-Jan-21,"1,22,924",30,1.20%,0.00%
1099,Sweden,17-Jan-21,"1,22,924",30,1.20%,0.00%
1100,Sweden,17-Jan-21,"1,22,924",30,1.20%,0.00%
1101,Sweden,17-Jan-21,"1,22,924",30,1.20%,0.00%
1102,Sweden,24-Jan-21,"2,25,912","9,944",2.20%,0.10%
1103,Sweden,24-Jan-21,"2,25,912","9,944",2.20%,0.10%
1104,Sweden,24-Jan-21,"2,25,912","9,944",2.20%,0.10%
1105,Sweden,31-Jan-21,"2,89,288","34,842",2.80%,0.30%
1106,Sweden,31-Jan-21,"2,89,288","34,842",2.80%,0.30%
1107,Sweden,31-Jan-21,"2,89,288","34,842",2.80%,0.30%
1108,Sweden,31-Jan-21,"2,89,288","34,842",2.80%,0.30%
1109,Sweden,07-Feb-21,"3,33,538","89,249",3.30%,0.90%
1110,Sweden,07-Feb-21,"3,33,538","89,249",3.30%,0.90%
1111,Sweden,07-Feb-21,"3,33,538","89,249",3.30%,0.90%
1112,Sweden,14-Feb-21,"3,80,405","1,57,197",3.70%,1.50%
1113,Sweden,14-Feb-21,"3,80,405","1,57,197",3.70%,1.50%
1114,Sweden,14-Feb-21,"3,80,405","1,57,197",3.70%,1.50%
1115,Sweden,14-Feb-21,"3,80,405","1,57,197",3.70%,1.50%
1116,Sweden,21-Feb-21,"4,51,739","2,39,608",4.40%,2.30%
1117,Sweden,21-Feb-21,"4,51,739","2,39,608",4.40%,2.30%
1118,Sweden,21-Feb-21,"4,51,739","2,39,608",4.40%,2.30%
1119,Sweden,28-Feb-21,"5,49,761","2,90,628",5.40%,2.80%
1120,Sweden,28-Feb-21,"5,49,761","2,90,628",5.40%,2.80%
1121,Sweden,28-Feb-21,"5,49,761","2,90,628",5.40%,2.80%
1122,Sweden,28-Feb-21,"5,49,761","2,90,628",5.40%,2.80%
1123,Sweden,07-Mar-21,"6,95,967","3,27,883",6.80%,3.20%
1124,Sweden,07-Mar-21,"6,95,967","3,27,883",6.80%,3.20%
1125,Sweden,07-Mar-21,"6,95,967","3,27,883",6.80%,3.20%
1126,Sweden,14-Mar-21,"8,72,777","3,67,306",8.50%,3.60%
1127,Sweden,14-Mar-21,"8,72,777","3,67,306",8.50%,3.60%
1128,Sweden,14-Mar-21,"8,72,777","3,67,306",8.50%,3.60%
1129,Sweden,14-Mar-21,"8,72,777","3,67,306",8.50%,3.60%
1130,Sweden,21-Mar-21,"9,90,615","4,21,783",9.70%,4.10%
1131,Sweden,21-Mar-21,"9,90,615","4,21,783",9.70%,4.10%
1132,Sweden,21-Mar-21,"9,90,615","4,21,783",9.70%,4.10%
1133,Sweden,28-Mar-21,"11,17,069","4,87,544",10.90%,4.80%
1134,Sweden,28-Mar-21,"11,17,069","4,87,544",10.90%,4.80%
1135,Sweden,28-Mar-21,"11,17,069","4,87,544",10.90%,4.80%
1136,Sweden,28-Mar-21,"11,17,069","4,87,544",10.90%,4.80%
1137,Sweden,01-Apr-21,"11,67,532","4,99,251",11.40%,4.90%
1138,Sweden,01-Apr-21,"11,67,532","4,99,251",11.40%,4.90%
1139,Sweden,01-Apr-21,"11,67,532","4,99,251",11.40%,4.90%
1140,Sweden,06-Apr-21,"12,71,799","5,40,288",12.40%,5.30%
1141,Sweden,06-Apr-21,"12,71,799","5,40,288",12.40%,5.30%
1142,Sweden,06-Apr-21,"12,71,799","5,40,288",12.40%,5.30%
1143,Sweden,06-Apr-21,"12,71,799","5,40,288",12.40%,5.30%
1144,Sweden,07-Apr-21,"12,74,352","5,40,929",12.50%,5.30%
1145,Sweden,07-Apr-21,"12,74,352","5,40,929",12.50%,5.30%
1146,Sweden,07-Apr-21,"12,74,352","5,40,929",12.50%,5.30%
1147,Sweden,08-Apr-21,"13,07,614","5,49,052",12.80%,5.40%
1148,Sweden,08-Apr-21,"13,07,614","5,49,052",12.80%,5.40%
1149,Sweden,08-Apr-21,"13,07,614","5,49,052",12.80%,5.40%
1150,Sweden,08-Apr-21,"13,07,614","5,49,052",12.80%,5.40%
1151,Sweden,09-Apr-21,"13,55,828","5,68,944",13.30%,5.60%
1152,Sweden,09-Apr-21,"13,55,828","5,68,944",13.30%,5.60%
1153,Estonia,28-Jan-21,"25,415","6,214",1.90%,0.50%
1154,Estonia,29-Jan-21,"26,412","7,607",2.00%,0.60%
1155,Estonia,30-Jan-21,"27,633","9,597",2.10%,0.70%
1156,Estonia,31-Jan-21,"27,900","10,155",2.10%,0.80%
1157,Estonia,01-Feb-21,"28,186","10,408",2.10%,0.80%
1158,Estonia,02-Feb-21,"28,907","11,310",2.20%,0.90%
1159,Estonia,03-Feb-21,"30,158","12,842",2.30%,1.00%
1160,Estonia,04-Feb-21,"31,864","14,330",2.40%,1.10%
1161,Estonia,05-Feb-21,"33,927","15,871",2.60%,1.20%
1162,Estonia,06-Feb-21,"35,492","17,376",2.70%,1.30%
1163,Estonia,07-Feb-21,"35,905","17,519",2.70%,1.30%
1164,Estonia,08-Feb-21,"35,917","17,564",2.70%,1.30%
1165,Estonia,10-Feb-21,"39,147","19,114",3.00%,1.40%
1166,Estonia,11-Feb-21,"41,731","20,026",3.10%,1.50%
1167,Estonia,12-Feb-21,"44,486","21,312",3.40%,1.60%
1168,Estonia,13-Feb-21,"46,020","22,126",3.50%,1.70%
1169,Estonia,14-Feb-21,"46,152","22,284",3.50%,1.70%
1170,Estonia,15-Feb-21,"46,154","22,343",3.50%,1.70%
1171,Estonia,16-Feb-21,"46,740","22,573",3.50%,1.70%
1172,Estonia,17-Feb-21,"48,573","23,149",3.70%,1.70%
1173,Estonia,18-Feb-21,"52,263","23,812",3.90%,1.80%
1174,Estonia,19-Feb-21,"57,543","24,827",4.30%,1.90%
1175,Estonia,19-Feb-21,"57,543","24,827",4.30%,1.90%
1176,Estonia,20-Feb-21,"61,316","25,831",4.60%,1.90%
1177,Estonia,21-Feb-21,"61,904","26,053",4.70%,2.00%
1178,Estonia,22-Feb-21,"62,415","26,375",4.70%,2.00%
1179,Estonia,23-Feb-21,"64,508","27,277",4.90%,2.10%
1180,Estonia,24-Feb-21,"68,297","28,218",5.20%,2.10%
1181,Estonia,25-Feb-21,"68,629","28,351",5.20%,2.10%
1182,Estonia,27-Feb-21,"77,536","33,503",5.90%,2.50%
1183,Estonia,01-Mar-21,"78,759","34,050",5.90%,2.60%
1184,Estonia,02-Mar-21,"81,209","35,067",6.10%,2.60%
1185,Estonia,04-Mar-21,"87,086","39,762",6.60%,3.00%
1186,Estonia,05-Mar-21,"92,270","42,234",7.00%,3.20%
1187,Estonia,07-Mar-21,"1,01,452","43,942",7.70%,3.30%
1188,Estonia,09-Mar-21,"1,05,845","44,235",8.00%,3.30%
1189,Estonia,10-Mar-21,"1,09,865","45,310",8.30%,3.40%
1190,Estonia,11-Mar-21,"1,13,898","47,795",8.60%,3.60%
1191,Estonia,13-Mar-21,"1,27,829","52,571",9.60%,4.00%
1192,Estonia,14-Mar-21,"1,33,263","52,649",10.10%,4.00%
1193,Estonia,15-Mar-21,"1,38,543","52,664",10.50%,4.00%
1194,Estonia,16-Mar-21,"1,41,912","52,932",10.70%,4.00%
1195,Estonia,17-Mar-21,"1,45,665","53,729",11.00%,4.10%
1196,Estonia,18-Mar-21,"1,50,844","53,987",11.40%,4.10%
1197,Estonia,19-Mar-21,"1,57,489","54,772",11.90%,4.10%
1198,Estonia,20-Mar-21,"1,63,936","56,946",12.40%,4.30%
1199,Estonia,21-Mar-21,"1,66,163","57,003",12.50%,4.30%
1200,Estonia,22-Mar-21,"1,67,488","57,023",12.60%,4.30%
1201,Estonia,23-Mar-21,"1,69,435","57,559",12.80%,4.30%
1202,Estonia,24-Mar-21,"1,72,183","57,738",13.00%,4.40%
1203,Estonia,25-Mar-21,"1,77,457","58,143",13.40%,4.40%
1204,Estonia,27-Mar-21,"1,91,723","60,555",14.50%,4.60%
1205,Estonia,28-Mar-21,"1,93,870","60,813",14.60%,4.60%
1206,Estonia,29-Mar-21,"1,94,358","60,861",14.70%,4.60%
1207,Estonia,31-Mar-21,"1,98,905","62,184",15.00%,4.70%
1208,Estonia,01-Apr-21,"2,03,365","63,696",15.40%,4.80%
1209,Estonia,02-Apr-21,"2,11,367","67,645",16.00%,5.10%
1210,Estonia,03-Apr-21,"2,14,921","68,025",16.20%,5.10%
1211,Estonia,04-Apr-21,"2,23,153","68,648",16.80%,5.20%
1212,Estonia,05-Apr-21,"2,27,246","68,785",17.20%,5.20%
1213,Estonia,06-Apr-21,"2,29,241","69,779",17.30%,5.30%
1214,Estonia,07-Apr-21,"2,31,710","70,916",17.50%,5.40%
1215,Estonia,08-Apr-21,"2,36,598","72,035",17.90%,5.40%
1216,Malta,17-Jan-21,"11,705",0,2.30%,0.00%
1217,Malta,18-Jan-21,"13,002",0,2.60%,0.00%
1218,Malta,19-Jan-21,"14,276",0,2.80%,0.00%
1219,Malta,21-Jan-21,"16,531",0,3.30%,0.00%
1220,Malta,22-Jan-21,"17,767",0,3.50%,0.00%
1221,Malta,23-Jan-21,"18,930",0,3.80%,0.00%
1222,Malta,25-Jan-21,"19,709","1,463",3.90%,0.30%
1223,Malta,26-Jan-21,"20,677","1,694",4.10%,0.30%
1224,Malta,27-Jan-21,"21,417","2,095",4.30%,0.40%
1225,Malta,28-Jan-21,"22,162","2,518",4.40%,0.50%
1226,Malta,30-Jan-21,"23,391","3,456",4.70%,0.70%
1227,Malta,31-Jan-21,"23,811","3,948",4.70%,0.80%
1228,Malta,01-Feb-21,"24,526","4,476",4.90%,0.90%
1229,Malta,03-Feb-21,"26,223","5,410",5.20%,1.10%
1230,Malta,04-Feb-21,"27,020","6,457",5.40%,1.30%
1231,Malta,05-Feb-21,"28,082","7,594",5.60%,1.50%
1232,Malta,07-Feb-21,"29,339","9,918",5.80%,2.00%
1233,Malta,08-Feb-21,"30,235","11,050",6.00%,2.20%
1234,Malta,09-Feb-21,"31,202","12,135",6.20%,2.40%
1235,Malta,11-Feb-21,"32,524","13,820",6.50%,2.70%
1236,Malta,12-Feb-21,"33,735","14,739",6.70%,2.90%
1237,Malta,13-Feb-21,"34,574","15,601",6.90%,3.10%
1238,Malta,14-Feb-21,"35,376","16,265",7.00%,3.20%
1239,Malta,16-Feb-21,"37,866","17,843",7.50%,3.50%
1240,Malta,17-Feb-21,"39,147","18,536",7.80%,3.70%
1241,Malta,18-Feb-21,"40,503","19,199",8.10%,3.80%
1242,Malta,20-Feb-21,"43,119","20,189",8.60%,4.00%
1243,Malta,21-Feb-21,"43,888","20,531",8.70%,4.10%
1244,Malta,22-Feb-21,"45,174","21,160",9.00%,4.20%
1245,Malta,24-Feb-21,"49,061","22,501",9.80%,4.50%
1246,Malta,25-Feb-21,"50,249","23,395",10.00%,4.70%
1247,Malta,26-Feb-21,"51,041","25,118",10.20%,5.00%
1248,Malta,27-Feb-21,"51,186","26,781",10.20%,5.30%
1249,Malta,01-Mar-21,"52,862","29,021",10.50%,5.80%
1250,Malta,02-Mar-21,"54,381","29,748",10.80%,5.90%
1251,Malta,03-Mar-21,"56,525","30,329",11.20%,6.00%
1252,Malta,05-Mar-21,"61,096","31,710",12.20%,6.30%
1253,Malta,06-Mar-21,"63,479","32,420",12.60%,6.40%
1254,Malta,07-Mar-21,"65,002","32,862",12.90%,6.50%
1255,Malta,09-Mar-21,"70,323","35,093",14.00%,7.00%
1256,Malta,10-Mar-21,"72,725","36,246",14.50%,7.20%
1257,Malta,11-Mar-21,"76,076","37,182",15.10%,7.40%
1258,Malta,13-Mar-21,"80,974","39,099",16.10%,7.80%
1259,Malta,14-Mar-21,"82,671","39,695",16.40%,7.90%
1260,Malta,15-Mar-21,"85,596","40,681",17.00%,8.10%
1261,Malta,16-Mar-21,"90,002","40,859",17.90%,8.10%
1262,Malta,18-Mar-21,"95,707","42,557",19.00%,8.50%
1263,Malta,19-Mar-21,"97,064","43,267",19.30%,8.60%
1264,Malta,20-Mar-21,"99,250","43,919",19.70%,8.70%
1265,Malta,22-Mar-21,"1,05,611","45,286",21.00%,9.00%
1266,Malta,23-Mar-21,"1,09,538","46,140",21.80%,9.20%
1267,Malta,24-Mar-21,"1,13,179","47,081",22.50%,9.40%
1268,Malta,26-Mar-21,"1,21,823","50,050",24.20%,10.00%
1269,Malta,27-Mar-21,"1,26,055","50,557",25.10%,10.10%
1270,Malta,28-Mar-21,"1,29,350","51,237",25.70%,10.20%
1271,Malta,30-Mar-21,"1,38,176","53,540",27.50%,10.70%
1272,Malta,31-Mar-21,"1,42,805","54,578",28.40%,10.90%
1273,Malta,01-Apr-21,"1,47,956","55,597",29.40%,11.10%
1274,Malta,02-Apr-21,"1,51,942","57,123",30.20%,11.40%
1275,Malta,04-Apr-21,"1,56,668","59,032",31.20%,11.70%
1276,Malta,05-Apr-21,"1,59,065","60,096",31.60%,12.00%
1277,Malta,06-Apr-21,"1,61,909","61,111",32.20%,12.20%
1278,Malta,08-Apr-21,"1,67,130","65,205",33.20%,13.00%
1279,Malta,09-Apr-21,"1,70,315","67,491",33.90%,13.40%
1280,Croatia,30-Dec-20,"7,864",0,0.20%,0.00%
1281,Croatia,30-Dec-20,"7,864",0,0.20%,0.00%
1282,Croatia,03-Jan-21,"12,285",0,0.30%,0.00%
1283,Croatia,05-Jan-21,"13,798",0,0.30%,0.00%
1284,Croatia,05-Jan-21,"13,798",0,0.30%,0.00%
1285,Croatia,07-Jan-21,"20,603",0,0.50%,0.00%
1286,Croatia,07-Jan-21,"20,603",0,0.50%,0.00%
1287,Croatia,08-Jan-21,"24,985",0,0.60%,0.00%
1288,Croatia,08-Jan-21,"24,985",0,0.60%,0.00%
1289,Croatia,09-Jan-21,"30,000",0,0.70%,0.00%
1290,Croatia,13-Jan-21,"34,553",0,0.80%,0.00%
1291,Croatia,13-Jan-21,"34,553",0,0.80%,0.00%
1292,Croatia,14-Jan-21,"38,000",0,0.90%,0.00%
1293,Croatia,14-Jan-21,"38,000",0,0.90%,0.00%
1294,Croatia,15-Jan-21,"41,532",0,1.00%,0.00%
1295,Croatia,15-Jan-21,"41,532",0,1.00%,0.00%
1296,Croatia,16-Jan-21,"45,906",0,1.10%,0.00%
1297,Croatia,19-Jan-21,"54,304",0,1.30%,0.00%
1298,Croatia,19-Jan-21,"54,304",0,1.30%,0.00%
1299,Croatia,25-Jan-21,"58,077","11,907",1.40%,0.30%
1300,Croatia,25-Jan-21,"58,077","11,907",1.40%,0.30%
1301,Croatia,01-Feb-21,"58,829","25,099",1.40%,0.60%
1302,Croatia,01-Feb-21,"58,829","25,099",1.40%,0.60%
1303,Croatia,03-Feb-21,"59,064","28,865",1.40%,0.70%
1304,Croatia,04-Feb-21,"59,593","35,912",1.50%,0.90%
1305,Croatia,04-Feb-21,"59,593","35,912",1.50%,0.90%
1306,Croatia,09-Feb-21,"61,241","41,966",1.50%,1.00%
1307,Croatia,09-Feb-21,"61,241","41,966",1.50%,1.00%
1308,Croatia,11-Feb-21,"64,775","47,969",1.60%,1.20%
1309,Croatia,11-Feb-21,"64,775","47,969",1.60%,1.20%
1310,Croatia,15-Feb-21,"67,825","52,778",1.70%,1.30%
1311,Croatia,18-Feb-21,"87,169","55,053",2.10%,1.40%
1312,Croatia,18-Feb-21,"87,169","55,053",2.10%,1.40%
1313,Croatia,22-Feb-21,"1,08,311","57,835",2.70%,1.40%
1314,Croatia,22-Feb-21,"1,08,311","57,835",2.70%,1.40%
1315,Croatia,24-Feb-21,"1,25,771","58,305",3.10%,1.40%
1316,Croatia,25-Feb-21,"1,35,756","58,511",3.30%,1.40%
1317,Croatia,25-Feb-21,"1,35,756","58,511",3.30%,1.40%
1318,Croatia,01-Mar-21,"1,53,085","59,983",3.80%,1.50%
1319,Croatia,01-Mar-21,"1,53,085","59,983",3.80%,1.50%
1320,Croatia,04-Mar-21,"1,82,000","60,000",4.50%,1.50%
1321,Croatia,04-Mar-21,"1,82,000","60,000",4.50%,1.50%
1322,Croatia,08-Mar-21,"2,02,167","63,056",5.00%,1.50%
1323,Croatia,12-Mar-21,"2,33,423","67,533",5.70%,1.70%
1324,Croatia,12-Mar-21,"2,33,423","67,533",5.70%,1.70%
1325,Croatia,19-Mar-21,"2,88,622","76,460",7.10%,1.90%
1326,Croatia,19-Mar-21,"2,88,622","76,460",7.10%,1.90%
1327,Croatia,22-Mar-21,"3,11,448","79,209",7.60%,1.90%
1328,Croatia,22-Mar-21,"3,11,448","79,209",7.60%,1.90%
1329,Croatia,26-Mar-21,"3,35,916","80,829",8.20%,2.00%
1330,Croatia,28-Mar-21,"3,48,648","81,748",8.60%,2.00%
1331,Croatia,28-Mar-21,"3,48,648","81,748",8.60%,2.00%
1332,Croatia,31-Mar-21,"3,85,724","89,313",9.50%,2.20%
1333,Croatia,31-Mar-21,"3,85,724","89,313",9.50%,2.20%
1334,Croatia,01-Apr-21,"4,04,518","92,380",9.90%,2.30%
1335,Croatia,01-Apr-21,"4,04,518","92,380",9.90%,2.30%
1336,Croatia,02-Apr-21,"4,19,431","96,047",10.30%,2.40%
1337,Croatia,04-Apr-21,"4,26,037","98,334",10.50%,2.40%
1338,Croatia,04-Apr-21,"4,26,037","98,334",10.50%,2.40%
1339,Croatia,06-Apr-21,"4,27,387","99,027",10.50%,2.40%
1340,Croatia,06-Apr-21,"4,27,387","99,027",10.50%,2.40%
1341,Croatia,07-Apr-21,"4,32,601","1,00,808",10.60%,2.50%
1342,Croatia,07-Apr-21,"4,32,601","1,00,808",10.60%,2.50%
1343,Croatia,08-Apr-21,"4,40,890","1,02,546",10.80%,2.50%
1344,Greece,28-Dec-20,447,0,0.00%,0.00%
1345,Greece,29-Dec-20,"1,077",0,0.00%,0.00%
1346,Greece,31-Dec-20,"2,339",0,0.00%,0.00%
1347,Greece,01-Jan-21,"2,603",0,0.00%,0.00%
1348,Greece,02-Jan-21,"3,149",0,0.00%,0.00%
1349,Greece,04-Jan-21,"10,327",0,0.10%,0.00%
1350,Greece,05-Jan-21,"16,631",0,0.20%,0.00%
1351,Greece,07-Jan-21,"26,445",0,0.20%,0.00%
1352,Greece,08-Jan-21,"35,272",0,0.30%,0.00%
1353,Greece,10-Jan-21,"44,645",0,0.40%,0.00%
1354,Greece,11-Jan-21,"50,045",0,0.50%,0.00%
1355,Greece,13-Jan-21,"64,932",0,0.60%,0.00%
1356,Greece,14-Jan-21,"70,960",0,0.70%,0.00%
1357,Greece,16-Jan-21,"80,389",2,0.70%,0.00%
1358,Greece,18-Jan-21,"85,475",423,0.80%,0.00%
1359,Greece,20-Jan-21,"1,08,167","1,664",1.00%,0.00%
1360,Greece,21-Jan-21,"1,23,667","2,261",1.20%,0.00%
1361,Greece,23-Jan-21,"1,56,966","3,135",1.50%,0.00%
1362,Greece,25-Jan-21,"1,71,890","8,061",1.60%,0.10%
1363,Greece,26-Jan-21,"1,84,610","13,145",1.70%,0.10%
1364,Greece,28-Jan-21,"2,10,488","23,797",2.00%,0.20%
1365,Greece,29-Jan-21,"2,20,621","32,742",2.10%,0.30%
1366,Greece,01-Feb-21,"2,47,251","46,566",2.30%,0.40%
1367,Greece,02-Feb-21,"2,61,543","54,085",2.40%,0.50%
1368,Greece,04-Feb-21,"2,91,259","68,464",2.70%,0.60%
1369,Greece,05-Feb-21,"3,06,441","73,695",2.90%,0.70%
1370,Greece,08-Feb-21,"3,32,812","84,753",3.10%,0.80%
1371,Greece,09-Feb-21,"3,45,290","92,582",3.20%,0.90%
1372,Greece,11-Feb-21,"3,60,800","1,21,616",3.40%,1.10%
1373,Greece,12-Feb-21,"3,66,749","1,39,289",3.40%,1.30%
1374,Greece,15-Feb-21,"3,86,049","1,68,696",3.60%,1.60%
1375,Greece,16-Feb-21,"3,97,840","1,77,926",3.70%,1.70%
1376,Greece,18-Feb-21,"4,30,124","2,03,913",4.00%,1.90%
1377,Greece,19-Feb-21,"4,49,073","2,15,274",4.20%,2.00%
1378,Greece,20-Feb-21,"4,65,842","2,27,594",4.30%,2.10%
1379,Greece,22-Feb-21,"4,86,820","2,43,590",4.50%,2.30%
1380,Greece,23-Feb-21,"5,05,148","2,57,476",4.70%,2.40%
1381,Greece,25-Feb-21,"5,40,039","2,86,331",5.00%,2.70%
1382,Greece,26-Feb-21,"5,56,380","3,00,926",5.20%,2.80%
1383,Greece,01-Mar-21,"5,94,053","3,27,136",5.50%,3.10%
1384,Greece,02-Mar-21,"6,17,737","3,39,402",5.80%,3.20%
1385,Greece,04-Mar-21,"6,69,152","3,55,559",6.20%,3.30%
1386,Greece,05-Mar-21,"6,97,876","3,61,428",6.50%,3.40%
1387,Greece,08-Mar-21,"7,53,636","3,72,424",7.00%,3.50%
1388,Greece,09-Mar-21,"7,80,536","3,77,850",7.30%,3.50%
1389,Greece,11-Mar-21,"8,31,761","3,90,632",7.80%,3.60%
1390,Greece,12-Mar-21,"8,55,151","3,98,936",8.00%,3.70%
1391,Greece,15-Mar-21,"8,77,644","4,07,793",8.20%,3.80%
1392,Greece,16-Mar-21,"8,95,920","4,20,634",8.40%,3.90%
1393,Greece,17-Mar-21,"9,15,641","4,30,094",8.50%,4.00%
1394,Greece,19-Mar-21,"9,56,745","4,50,319",8.90%,4.20%
1395,Greece,20-Mar-21,"9,77,045","4,59,446",9.10%,4.30%
1396,Greece,23-Mar-21,"10,18,670","4,84,817",9.50%,4.50%
1397,Greece,24-Mar-21,"10,35,543","5,01,414",9.70%,4.70%
1398,Greece,26-Mar-21,"10,46,291","5,26,435",9.80%,4.90%
1399,Greece,27-Mar-21,"10,55,744","5,48,494",9.80%,5.10%
1400,Greece,30-Mar-21,"10,80,658","5,88,298",10.10%,5.50%
1401,Greece,31-Mar-21,"10,92,633","6,07,174",10.20%,5.70%
1402,Greece,02-Apr-21,"11,35,585","6,41,917",10.60%,6.00%
1403,Greece,03-Apr-21,"11,71,420","6,58,942",10.90%,6.10%
1404,Greece,06-Apr-21,"12,69,938","6,76,401",11.80%,6.30%
1405,Greece,07-Apr-21,"13,12,896","6,90,748",12.20%,6.40%
1406,Greece,09-Apr-21,"13,94,013","7,20,209",13.00%,6.70%
1407,Hungary,23-Jan-21,"1,45,257","8,135",1.50%,0.10%
1408,Hungary,24-Jan-21,"1,46,695","9,403",1.50%,0.10%
1409,Hungary,25-Jan-21,"1,49,676","12,639",1.50%,0.10%
1410,Hungary,27-Jan-21,"1,61,215","26,293",1.60%,0.30%
1411,Hungary,28-Jan-21,"1,75,283","37,727",1.80%,0.40%
1412,Hungary,29-Jan-21,"1,98,283","49,606",2.00%,0.50%
1413,Hungary,30-Jan-21,"2,22,005","56,825",2.30%,0.60%
1414,Hungary,31-Jan-21,"2,37,872","61,266",2.40%,0.60%
1415,Hungary,02-Feb-21,"2,47,270","75,036",2.50%,0.80%
1416,Hungary,03-Feb-21,"2,49,687","84,452",2.60%,0.90%
1417,Hungary,04-Feb-21,"2,64,530","92,773",2.70%,0.90%
1418,Hungary,05-Feb-21,"2,79,410","1,01,652",2.90%,1.00%
1419,Hungary,06-Feb-21,"2,86,379","1,05,242",2.90%,1.10%
1420,Hungary,08-Feb-21,"2,91,396","1,10,395",3.00%,1.10%
1421,Hungary,09-Feb-21,"2,92,627","1,13,570",3.00%,1.20%
1422,Hungary,10-Feb-21,"2,94,624","1,17,368",3.00%,1.20%
1423,Hungary,11-Feb-21,"3,10,448","1,20,649",3.20%,1.20%
1424,Hungary,12-Feb-21,"3,30,745","1,24,423",3.40%,1.30%
1425,Hungary,14-Feb-21,"3,36,297","1,29,339",3.40%,1.30%
1426,Hungary,15-Feb-21,"3,41,958","1,31,593",3.50%,1.30%
1427,Hungary,16-Feb-21,"3,48,927","1,34,824",3.60%,1.40%
1428,Hungary,17-Feb-21,"3,65,021","1,41,023",3.70%,1.40%
1429,Hungary,19-Feb-21,"4,27,309","1,72,739",4.40%,1.80%
1430,Hungary,20-Feb-21,"4,45,535","1,90,705",4.60%,2.00%
1431,Hungary,21-Feb-21,"4,53,457","2,01,005",4.60%,2.10%
1432,Hungary,22-Feb-21,"4,57,096","2,05,720",4.70%,2.10%
1433,Hungary,23-Feb-21,"4,71,004","2,08,846",4.80%,2.10%
1434,Hungary,25-Feb-21,"5,21,283","2,40,622",5.30%,2.50%
1435,Hungary,26-Feb-21,"5,63,601","2,44,407",5.80%,2.50%
1436,Hungary,27-Feb-21,"6,77,682","2,49,499",6.90%,2.60%
1437,Hungary,28-Feb-21,"6,85,247","2,51,691",7.00%,2.60%
1438,Hungary,01-Mar-21,"7,21,677","2,52,847",7.40%,2.60%
1439,Hungary,03-Mar-21,"7,85,440","2,67,153",8.00%,2.70%
1440,Hungary,04-Mar-21,"8,62,953","2,79,727",8.80%,2.90%
1441,Hungary,05-Mar-21,"9,49,497","3,04,880",9.70%,3.10%
1442,Hungary,06-Mar-21,"9,81,401","3,07,573",10.00%,3.10%
1443,Hungary,07-Mar-21,"10,02,714","3,07,929",10.30%,3.20%
1444,Hungary,09-Mar-21,"11,07,791","3,17,906",11.30%,3.30%
1445,Hungary,10-Mar-21,"11,49,557","3,27,428",11.80%,3.40%
1446,Hungary,11-Mar-21,"12,29,827","3,51,694",12.60%,3.60%
1447,Hungary,12-Mar-21,"12,93,414","3,77,343",13.20%,3.90%
1448,Hungary,13-Mar-21,"13,19,266","3,92,703",13.50%,4.00%
1449,Hungary,15-Mar-21,"13,47,073","3,99,505",13.80%,4.10%
1450,Hungary,16-Mar-21,"13,97,342","4,06,746",14.30%,4.20%
1451,Hungary,17-Mar-21,"14,41,706","4,21,915",14.80%,4.30%
1452,Hungary,18-Mar-21,"14,77,554","4,44,451",15.10%,4.50%
1453,Hungary,19-Mar-21,"15,20,350","4,65,643",15.60%,4.80%
1454,Hungary,21-Mar-21,"15,89,601","4,79,389",16.30%,4.90%
1455,Hungary,22-Mar-21,"16,36,436","4,81,820",16.70%,4.90%
1456,Hungary,23-Mar-21,"16,96,110","4,94,520",17.40%,5.10%
1457,Hungary,24-Mar-21,"17,47,519","5,24,604",17.90%,5.40%
1458,Hungary,26-Mar-21,"18,70,631","6,67,303",19.10%,6.80%
1459,Hungary,27-Mar-21,"19,03,498","6,85,971",19.50%,7.00%
1460,Hungary,28-Mar-21,"19,20,347","6,89,392",19.70%,7.10%
1461,Hungary,30-Mar-21,"20,11,029","7,53,187",20.60%,7.70%
1462,Hungary,31-Mar-21,"20,65,948","7,87,207",21.10%,8.10%
1463,Hungary,02-Apr-21,"22,35,731","8,91,002",22.90%,9.10%
1464,Hungary,03-Apr-21,"23,12,501","9,05,117",23.70%,9.30%
1465,Hungary,04-Apr-21,"23,62,839","9,13,012",24.20%,9.30%
1466,Hungary,05-Apr-21,"24,32,313","9,22,886",24.90%,9.40%
1467,Hungary,06-Apr-21,"25,36,751","10,05,936",26.00%,10.30%
1468,Hungary,08-Apr-21,"26,89,102","11,26,139",27.50%,11.50%
1469,Hungary,09-Apr-21,"27,60,938","11,71,475",28.30%,12.00%
1470,Cyprus,06-Jan-21,"3,901",0,0.40%,0.00%
1471,Cyprus,06-Jan-21,"3,901",0,0.40%,0.00%
1472,Cyprus,06-Jan-21,"3,901",0,0.40%,0.00%
1473,Cyprus,10-Jan-21,"6,035",0,0.70%,0.00%
1474,Cyprus,10-Jan-21,"6,035",0,0.70%,0.00%
1475,Cyprus,10-Jan-21,"6,035",0,0.70%,0.00%
1476,Cyprus,10-Jan-21,"6,035",0,0.70%,0.00%
1477,Cyprus,16-Jan-21,"10,226",0,1.20%,0.00%
1478,Cyprus,16-Jan-21,"10,226",0,1.20%,0.00%
1479,Cyprus,16-Jan-21,"10,226",0,1.20%,0.00%
1480,Cyprus,16-Jan-21,"10,226",0,1.20%,0.00%
1481,Cyprus,16-Jan-21,"10,226",0,1.20%,0.00%
1482,Cyprus,23-Jan-21,"15,322","2,057",1.70%,0.20%
1483,Cyprus,23-Jan-21,"15,322","2,057",1.70%,0.20%
1484,Cyprus,23-Jan-21,"15,322","2,057",1.70%,0.20%
1485,Cyprus,23-Jan-21,"15,322","2,057",1.70%,0.20%
1486,Cyprus,30-Jan-21,"19,618","5,551",2.20%,0.60%
1487,Cyprus,30-Jan-21,"19,618","5,551",2.20%,0.60%
1488,Cyprus,30-Jan-21,"19,618","5,551",2.20%,0.60%
1489,Cyprus,30-Jan-21,"19,618","5,551",2.20%,0.60%
1490,Cyprus,30-Jan-21,"19,618","5,551",2.20%,0.60%
1491,Cyprus,06-Feb-21,"22,813","10,024",2.60%,1.10%
1492,Cyprus,06-Feb-21,"22,813","10,024",2.60%,1.10%
1493,Cyprus,06-Feb-21,"22,813","10,024",2.60%,1.10%
1494,Cyprus,06-Feb-21,"22,813","10,024",2.60%,1.10%
1495,Cyprus,13-Feb-21,"29,592","14,837",3.40%,1.70%
1496,Cyprus,13-Feb-21,"29,592","14,837",3.40%,1.70%
1497,Cyprus,13-Feb-21,"29,592","14,837",3.40%,1.70%
1498,Cyprus,13-Feb-21,"29,592","14,837",3.40%,1.70%
1499,Cyprus,13-Feb-21,"29,592","14,837",3.40%,1.70%
1500,Cyprus,20-Feb-21,"37,570","19,221",4.30%,2.20%
1501,Cyprus,20-Feb-21,"37,570","19,221",4.30%,2.20%
1502,Cyprus,20-Feb-21,"37,570","19,221",4.30%,2.20%
1503,Cyprus,20-Feb-21,"37,570","19,221",4.30%,2.20%
1504,Cyprus,23-Feb-21,"44,239","20,323",5.10%,2.30%
1505,Cyprus,23-Feb-21,"44,239","20,323",5.10%,2.30%
1506,Cyprus,23-Feb-21,"44,239","20,323",5.10%,2.30%
1507,Cyprus,23-Feb-21,"44,239","20,323",5.10%,2.30%
1508,Cyprus,23-Feb-21,"44,239","20,323",5.10%,2.30%
1509,Cyprus,26-Feb-21,"53,617","22,559",6.10%,2.60%
1510,Cyprus,26-Feb-21,"53,617","22,559",6.10%,2.60%
1511,Cyprus,26-Feb-21,"53,617","22,559",6.10%,2.60%
1512,Cyprus,26-Feb-21,"53,617","22,559",6.10%,2.60%
1513,Cyprus,07-Mar-21,"70,534","28,741",8.10%,3.30%
1514,Cyprus,07-Mar-21,"70,534","28,741",8.10%,3.30%
1515,Cyprus,07-Mar-21,"70,534","28,741",8.10%,3.30%
1516,Cyprus,07-Mar-21,"70,534","28,741",8.10%,3.30%
1517,Cyprus,07-Mar-21,"70,534","28,741",8.10%,3.30%
1518,Cyprus,20-Mar-21,"93,475","35,963",10.70%,4.10%
1519,Cyprus,20-Mar-21,"93,475","35,963",10.70%,4.10%
1520,Cyprus,20-Mar-21,"93,475","35,963",10.70%,4.10%
1521,Cyprus,20-Mar-21,"93,475","35,963",10.70%,4.10%
1522,Cyprus,03-Apr-21,"1,14,660","46,866",13.10%,5.40%
1523,Cyprus,03-Apr-21,"1,14,660","46,866",13.10%,5.40%
1524,Cyprus,03-Apr-21,"1,14,660","46,866",13.10%,5.40%
1525,Cyprus,03-Apr-21,"1,14,660","46,866",13.10%,5.40%
1526,Cyprus,03-Apr-21,"1,14,660","46,866",13.10%,5.40%
1527,Cyprus,07-Apr-21,"1,24,165","50,461",14.20%,5.80%
1528,Cyprus,07-Apr-21,"1,24,165","50,461",14.20%,5.80%
1529,Cyprus,07-Apr-21,"1,24,165","50,461",14.20%,5.80%
1530,Cyprus,07-Apr-21,"1,24,165","50,461",14.20%,5.80%
1531,Cyprus,09-Apr-21,"1,30,937","52,288",14.90%,6.00%
1532,Cyprus,09-Apr-21,"1,30,937","52,288",14.90%,6.00%
1533,Cyprus,09-Apr-21,"1,30,937","52,288",14.90%,6.00%
1534,Luxembourg,08-Apr-21,"91,074","30,879",14.80%,5.00%
1535,Luxembourg,11-Jan-21,"1,943",0,0.30%,0.00%
1536,Luxembourg,12-Jan-21,"2,372",0,0.40%,0.00%
1537,Luxembourg,13-Jan-21,"2,871",0,0.50%,0.00%
1538,Luxembourg,14-Jan-21,"3,233",0,0.50%,0.00%
1539,Luxembourg,17-Jan-21,"3,755",0,0.60%,0.00%
1540,Luxembourg,18-Jan-21,"4,569",0,0.70%,0.00%
1541,Luxembourg,19-Jan-21,"5,294",0,0.90%,0.00%
1542,Luxembourg,20-Jan-21,"6,193",0,1.00%,0.00%
1543,Luxembourg,21-Jan-21,"6,897",0,1.10%,0.00%
1544,Luxembourg,21-Jan-21,"6,897",0,1.10%,0.00%
1545,Luxembourg,25-Jan-21,"7,309","1,245",1.20%,0.20%
1546,Luxembourg,26-Jan-21,"8,280","1,245",1.30%,0.20%
1547,Luxembourg,27-Jan-21,"9,107","1,342",1.50%,0.20%
1548,Luxembourg,28-Jan-21,"9,890","1,483",1.60%,0.20%
1549,Luxembourg,31-Jan-21,"10,748","1,680",1.80%,0.30%
1550,Luxembourg,01-Feb-21,"11,336","1,905",1.80%,0.30%
1551,Luxembourg,02-Feb-21,"11,925","2,327",1.90%,0.40%
1552,Luxembourg,03-Feb-21,"12,597","2,810",2.10%,0.50%
1553,Luxembourg,04-Feb-21,"13,256","3,163",2.20%,0.50%
1554,Luxembourg,07-Feb-21,"13,940","3,688",2.30%,0.60%
1555,Luxembourg,08-Feb-21,"14,089","4,050",2.30%,0.70%
1556,Luxembourg,09-Feb-21,"14,227","4,426",2.30%,0.70%
1557,Luxembourg,10-Feb-21,"15,052","4,871",2.50%,0.80%
1558,Luxembourg,11-Feb-21,"16,131","5,259",2.60%,0.90%
1559,Luxembourg,14-Feb-21,"17,257","5,638",2.80%,0.90%
1560,Luxembourg,15-Feb-21,"18,055","5,969",2.90%,1.00%
1561,Luxembourg,16-Feb-21,"19,622","6,296",3.20%,1.00%
1562,Luxembourg,17-Feb-21,"20,605","6,514",3.40%,1.10%
1563,Luxembourg,18-Feb-21,"21,853","7,080",3.60%,1.20%
1564,Luxembourg,21-Feb-21,"23,259","7,726",3.80%,1.30%
1565,Luxembourg,22-Feb-21,"23,685","8,241",3.90%,1.30%
1566,Luxembourg,23-Feb-21,"24,508","8,862",4.00%,1.40%
1567,Luxembourg,24-Feb-21,"25,285","9,475",4.10%,1.50%
1568,Luxembourg,25-Feb-21,"26,089","9,982",4.20%,1.60%
1569,Luxembourg,28-Feb-21,"27,093","10,700",4.40%,1.70%
1570,Luxembourg,01-Mar-21,"27,655","11,466",4.50%,1.90%
1571,Luxembourg,02-Mar-21,"28,476","11,984",4.60%,2.00%
1572,Luxembourg,03-Mar-21,"29,401","12,717",4.80%,2.10%
1573,Luxembourg,04-Mar-21,"30,723","13,448",5.00%,2.20%
1574,Luxembourg,07-Mar-21,"32,591","14,118",5.30%,2.30%
1575,Luxembourg,08-Mar-21,"33,238","14,277",5.40%,2.30%
1576,Luxembourg,09-Mar-21,"34,530","14,431",5.60%,2.40%
1577,Luxembourg,10-Mar-21,"36,693","14,764",6.00%,2.40%
1578,Luxembourg,11-Mar-21,"39,558","15,307",6.40%,2.50%
1579,Luxembourg,14-Mar-21,"43,479","15,569",7.10%,2.50%
1580,Luxembourg,14-Mar-21,"43,479","15,569",7.10%,2.50%
1581,Luxembourg,15-Mar-21,"44,735","15,852",7.30%,2.60%
1582,Luxembourg,16-Mar-21,"47,598","16,470",7.80%,2.70%
1583,Luxembourg,17-Mar-21,"50,220","16,934",8.20%,2.80%
1584,Luxembourg,18-Mar-21,"52,870","17,469",8.60%,2.80%
1585,Luxembourg,21-Mar-21,"56,383","17,872",9.20%,2.90%
1586,Luxembourg,22-Mar-21,"57,406","18,126",9.40%,3.00%
1587,Luxembourg,23-Mar-21,"59,310","18,687",9.70%,3.00%
1588,Luxembourg,24-Mar-21,"61,026","19,302",9.90%,3.10%
1589,Luxembourg,25-Mar-21,"62,812","19,841",10.20%,3.20%
1590,Luxembourg,28-Mar-21,"68,613","21,071",11.20%,3.40%
1591,Luxembourg,30-Mar-21,"70,911","21,663",11.60%,3.50%
1592,Luxembourg,31-Mar-21,"73,152","22,505",11.90%,3.70%
1593,Luxembourg,01-Apr-21,"75,862","23,494",12.40%,3.80%
1594,Luxembourg,05-Apr-21,"83,652","25,288",13.60%,4.10%
1595,Luxembourg,06-Apr-21,"86,356","26,408",14.10%,4.30%
1596,Luxembourg,07-Apr-21,"88,717","28,420",14.50%,4.60%
1597,Luxembourg,08-Apr-21,"91,074","30,879",14.80%,5.00%
1598,Netherlands,17-01-2021,77000,0,0.4,0
1599,Netherlands,24-01-2021,146612,0,0.8,0
1600,Netherlands,31-01-2021,327834,15692,1.9,0.1
1601,Netherlands,07-02-2021,504736,66409,2.9,0.4
1602,Netherlands,14-02-2021,628993,154445,3.6,0.9
1603,Netherlands,21-02-2021,795326,218713,4.6,1.3
1604,Netherlands,28-02-2021,1004757,331671,5.8,1.9
1605,Netherlands,07-03-2021,1207904,411935,7,2.4
1606,Netherlands,14-03-2021,1394603,493123,8.1,2.9
1607,Netherlands,21-03-2021,1492489,605491,8.6,3.5
1608,Netherlands,28-03-2021,1688490,690062,9.8,4
